time_sec,filtered_amplitude
0.0,-0.004703250804995777
0.004,0.0014178031840401475
0.008,0.01001739919733024
0.012,-0.016356480739187162
0.016,-0.003961699214837041
0.02,0.04626371636018298
0.024,-0.1839379072830716
0.028,0.1856946760068013
0.032,0.054907104285228055
0.036,-0.11217222481257624
0.04,0.10791949831337849
0.044,-0.1382691349508054
0.048,0.24613632133465338
0.052,-0.20452686603684128
0.056,0.049505671347417055
0.06,-0.09159488832104594
0.064,0.0910426656821917
0.068,0.1409958548411106
0.072,-0.1672777013452985
0.076,0.06900590228726311
0.08,-0.07247129979794817
0.084,0.19816918068429926
0.088,-0.13096938091260008
0.092,0.13108023976749625
0.096,-0.16641381420033582
0.1,0.05204861715850003
0.104,-0.17551541734219026
0.108,0.24486970170953917
0.112,-0.11159187451117995
0.116,0.08770436285717101
0.12,-0.30206457670587955
0.124,0.2835610241906218
0.128,-0.16430464469787373
0.132,0.13363926295343923
0.136,-0.2972470102596484
0.14,0.21294894135210607
0.144,-0.13140671872926293
0.148,0.14643403874553357
0.152,-0.26658737141479044
0.156,0.2547015640069514
0.16,-0.1007654312836095
0.164,0.0911388021831138
0.168,-0.34665939067411305
0.172,0.22758833479574253
0.176,-0.05431806775264018
0.18,0.12632429975318316
0.184,-0.222324181675496
0.188,-0.1119304014048159
0.192,0.14994082702987932
0.196,-0.03778873125838418
0.2,0.017468935929332536
0.204,-0.23021296164338462
0.208,0.2006960132495698
0.212,-0.10658419262512768
0.216,0.13931782801681333
0.22,-0.31080857729990324
0.224,0.26586842440697284
0.228,-0.17539875231889107
0.232,0.18910323666417791
0.236,-0.2506071600035309
0.24,0.22917407985159294
0.244,-0.15229202927292834
0.248,0.18990231527224066
0.252,-0.3203998972823221
0.256,0.2115419325684129
0.26,-0.1413476272675073
0.264,0.26053575951676033
0.268,-0.29135208774259763
0.272,0.10291191838977888
0.276,-0.10325730503827368
0.28,0.19440772063839368
0.284,-0.10940089281406444
0.288,0.01696187056915031
0.292,-0.02725954370507335
0.296,0.08532872075815658
0.3,0.04292557019005852
0.304,-0.10637084014416892
0.308,0.049460557597472046
0.312,-0.06485032006959117
0.316,0.2138990928193507
0.32,-0.20323564315973772
0.324,0.11436011929063274
0.328,-0.15348870905193726
0.332,0.24738471087833408
0.336,-0.18964745055598314
0.34,0.17698998524146772
0.344,-0.2722791263787834
0.348,0.19747002259608976
0.352,-0.056866283601201946
0.356,0.07600551384117551
0.36,-0.06908116782403506
0.364,-0.07439280816443891
0.368,0.132280051822844
0.372,-0.07412728821812849
0.376,0.13883676036238277
0.38,-0.21362241837092744
0.384,0.1261564044529405
0.388,-0.13853863161550703
0.392,0.23633215002259275
0.396,-0.20614346777911363
0.4,0.127400179580379
0.404,-0.1699223861477974
0.408,0.19145988990504353
0.412,-0.08258087433820875
0.416,0.049300960040900475
0.42,-0.09400920555225381
0.424,0.07021186990123143
0.428,0.016017346406371192
0.432,0.005773873743024125
0.436,-0.06317944586289544
0.44,-0.020890797915907953
0.444,0.06900344681160661
0.448,-0.036286989903138105
0.452,-0.0008024175080030741
0.456,-0.06316642115491262
0.46,0.10309036694513199
0.464,-0.05785389174762806
0.468,0.03516072802816606
0.472,-0.09265924121606603
0.476,0.07449950783869586
0.48,-0.028512221897167362
0.484,0.0030799816326262746
0.488,-0.07012437133296105
0.492,0.0855376113953353
0.496,-0.03497896217715244
0.5,-0.006300674497305972
0.504,-0.03140591297487496
0.508,0.09157179868584658
0.512,-0.07131039463295469
0.516,0.021238048426110292
0.52,-0.08434393400868163
0.524,0.07623736333647074
0.528,-0.023138089153015743
0.532,0.008618884265310248
0.536,-0.059853145995786
0.54,0.03701694612670016
0.544,0.006649606291405051
0.548,0.010397397366922287
0.552,-0.05121822548001779
0.556,-0.006592226405414451
0.56,0.04190091101709851
0.564,-0.016168520905193693
0.568,-0.023690198589904576
0.572,-0.0261303018185231
0.576,0.05590897748006012
0.58,-0.009604790937799253
0.584,-0.0040133721807659095
0.588,-0.06254127539381109
0.592,0.06275374964734423
0.596,-0.02787461464874455
0.6,0.008621886892054292
0.604,-0.06173219384821622
0.608,0.053894328212235526
0.612,-0.015490810918780353
0.616,-0.004865786587135999
0.62,-0.043819252018699226
0.624,0.03989328891256435
0.628,-0.008945563821222908
0.632,-0.004139762677130478
0.636,-0.03323351877743179
0.64,0.03406193647001354
0.644,-0.007088593038338541
0.648,-0.00886694259518936
0.652,-0.02686876435973053
0.656,0.034619651515276115
0.66,-0.0006441284768526102
0.664,-0.02687064769915149
0.668,-0.01083199110464814
0.672,0.01999153627334407
0.676,-0.004691701525908304
0.68,-0.03860445247656704
0.684,0.030773613383459075
0.688,0.0081817371890224
0.692,0.005424455486935814
0.696,-0.03538858214803581
0.7,0.0238832230389373
0.704,0.01054885676999033
0.708,0.008263534781477816
0.712,-0.031522159631997615
0.716,0.022993160484548546
0.72,0.010365614163214916
0.724,0.0027419064999319475
0.728,-0.03038302742280655
0.732,0.04292753034130041
0.736,-0.008139719881161203
0.74,0.016609116188482993
0.744,-0.05298230092034929
0.748,0.05325391363682656
0.752,-0.006174115671796465
0.756,0.011642440735530927
0.76,-0.03545703422463965
0.764,0.04713674221854215
0.768,-0.015670129279166275
0.772,0.018051481896096733
0.776,-0.02720232539903595
0.78,0.037682910548564104
0.784,-0.010771968935437425
0.788,0.02321369360352773
0.792,-0.033080812154587025
0.796,0.03791751886069799
0.8,-0.022361709215496756
0.804,0.01690202670543179
0.808,-0.02960198937297819
0.812,0.05644955918882121
0.816,-0.034003421055011876
0.82,0.02748548429222509
0.824,-0.02733326708846839
0.828,0.03958147515558673
0.832,-0.034261107990169785
0.836,0.014505763800583472
0.84,-0.017977731071229602
0.844,0.04000326645298562
0.848,-0.03363847479274097
0.852,0.020686921737238538
0.856,-0.018290222228526307
0.86,0.03416854087651587
0.864,-0.041863501505457604
0.868,0.022134202358295683
0.872,-0.015702984855073706
0.876,0.01657910419176784
0.88,-0.014367387349849787
0.884,0.012849542479043324
0.888,-0.012938360679123977
0.892,0.003764528861633427
0.896,-0.009518791990170788
0.9,0.010984062767668626
0.904,-0.004564005471646799
0.908,0.0023854483965505303
0.912,-0.004884564650900237
0.916,0.008806812333712562
0.92,-0.004370293714413558
0.924,-0.0015783655360239706
0.928,-0.009002218787017492
0.932,0.0065239789282139134
0.936,0.0044775421071393965
0.94,0.0003183157426016154
0.944,0.000318279020596187
0.948,-0.0038225801586082232
0.952,0.008256121423778693
0.956,0.0018061645372824463
0.96,-0.005358477366570619
0.964,0.009862553025740139
0.968,-0.0034675748271165547
0.972,0.0025564561426962887
0.976,-0.005265059434094881
0.98,-0.0001382659435584732
0.984,0.001033615563055607
0.988,-0.0002204429931775229
0.992,-0.002525564461020159
0.996,-0.0009956095376857457
1.0,0.005746720026679168
1.004,-0.0030086823192101188
1.008,0.0020433443068561745
1.012,-0.00388322020278991
1.016,0.0028087012766459933
1.02,-0.002838378543256598
1.024,-0.002229785797810352
1.028,0.0029908443030131045
1.032,-3.434655380024847e-05
1.036,0.0004721295834332183
1.04,-0.0012786002382868574
1.044,0.00046535948193826223
1.048,-0.0006143190154519291
1.052,0.003124170499170671
1.056,-0.0023907972399347006
1.06,0.0030225374196071984
1.064,-0.002933045618677605
1.068,-0.0014061097410077673
1.072,-0.0019540006515865035
1.076,0.0019778142452241093
1.08,0.0003480590580947795
1.084,-0.0012830833211542024
1.088,-0.00020195522302400175
1.092,0.0008078369787847528
1.096,-0.0022054663778811046
1.1,0.0009052832530985802
1.104,-0.0005706681651656033
1.108,0.0009070801916893084
1.112,0.00041035494017385704
1.116,-0.0007293392938389897
1.12,-0.0027093551527564556
1.124,0.0015049012036025238
1.128,-0.0003128913535622176
1.132,0.0014622409712090065
1.136,-0.0019139079919546684
1.14,-0.00024385198225037878
1.144,0.0017499361879730038
1.148,-0.0007671710217000307
1.152,-0.00046234940128185093
1.156,-0.0017004537613469527
1.16,0.0006617672706801308
1.164,-0.0005386403806072149
1.168,-0.00044088642896772986
1.172,0.0003753658253579383
1.176,0.00044093503192415987
1.18,-0.0001973437108615625
1.184,-0.0006023085918256825
1.188,-0.0015424479558034973
1.192,-0.0016055076058795795
1.196,0.001176034701849767
1.2,-0.0010480133513620046
1.204,-0.0005210008349136589
1.208,-0.0010030415592164556
1.212,0.00019256070414805536
1.216,0.0021928022577556807
1.22,-0.0010213571252642233
1.224,-0.0005533524381095668
1.228,-0.001764264601998804
1.232,0.001171449118779799
1.236,0.00018764349947873743
1.24,-0.0005588080175371554
1.244,0.0012842047043794972
1.248,-0.0004975446428421813
1.252,0.0002895900325354024
1.256,-0.0001994469638224149
1.26,-0.00014010702378412904
1.264,-0.00032617646841812787
1.268,-0.0006933543886346
1.272,-0.00012067160299613448
1.276,0.0007776888130139337
1.28,-4.1430305057195496e-05
1.284,-0.001047407224682666
1.288,-0.0004284088350843545
1.292,0.00023642514788855303
1.296,-0.000225483400755098
1.3,-0.0010448049990125924
1.304,-6.726162718590422e-05
1.308,0.0001377834325532353
1.312,0.0005979988239707844
1.316,0.00021940348412922525
1.32,-0.0002877039801759629
1.324,0.0002434438983096709
1.328,-9.457749759283706e-05
1.332,-0.000493951920145866
1.336,-0.0006932909851499971
1.34,-0.0013965887452335002
1.344,-0.0005340348288361779
1.348,-0.00033992268095836233
1.352,-0.0005051201126889383
1.356,-0.00015818911653369693
1.36,-0.0004889823707747055
1.364,-0.0009849742038383583
1.368,-0.00018535558594424148
1.372,9.450177292143529e-06
1.376,-0.0006172301186845329
1.38,-0.0005917552060697752
1.384,0.00040888411390106234
1.388,0.00023387747399833923
1.392,0.00020951786946387182
1.396,-0.00029530858997676486
1.4,-0.000351707781802914
1.404,0.00022022059038997687
1.408,-0.0005359582224511596
1.412,0.0007337779625831004
1.416,0.00023917383177504795
1.42,-3.858282054494503e-05
1.424,0.00037390243298380925
1.428,0.0002445473023985163
1.432,-1.1738290416393528e-05
1.436,-0.0002765698106110586
1.44,-2.297244169138883e-08
1.444,0.0007074566290053299
1.448,0.0001385825740984559
1.452,-0.0004871699890619908
1.456,-0.0006877229293919603
1.46,0.0001329341401587102
1.464,-0.0003067303642594172
1.468,4.53970443349807e-06
1.472,-1.86069641773524e-05
1.476,-0.000521004647567219
1.48,-0.0008255753235140097
1.484,-6.790559334409911e-05
1.488,0.0001543085397132959
1.492,-0.000498879698249457
1.496,0.00022745741100227703
1.5,0.0007065341043777253
1.504,-0.0003722979081186057
1.508,-0.0002250180975775933
1.512,-0.00016305358735697374
1.516,8.18417588518169e-05
1.52,7.15393413423212e-05
1.524,-0.00012584876255561936
1.528,-0.00047939316930463145
1.532,-0.0006615611524621865
1.536,-0.00030549830666531664
1.54,-9.932568234612996e-05
1.544,-8.563740228814336e-05
1.548,-0.00014797645880419735
1.552,1.800672715069245e-05
1.556,1.4450119087352302e-05
1.56,0.00010464622072795181
1.564,0.0001850758025313541
1.568,5.583696939692698e-05
1.572,-0.00016479680171199569
1.576,-0.00028162028242106495
1.58,3.422482361936806e-05
1.584,1.0113143095605655e-05
1.588,-0.00010854484472063645
1.592,-0.00012749843447327114
1.596,-0.00026519446494511947
1.6,-0.00010890112603471963
1.604,-1.4565806827480754e-05
1.608,-0.00015715915349749402
1.612,-5.98453250090782e-05
1.616,-3.725344243004724e-05
1.62,-0.00015212956651073056
1.624,-4.006349013833885e-05
1.628,-0.00018844021038468407
1.632,0.00020333537639414826
1.636,-0.00023289502163559227
1.64,-0.00012017209958271321
1.644,0.00012833725954244137
1.648,-0.0001130309534746525
1.652,-0.0002092251308596354
1.656,-0.00011464572989460523
1.66,4.413807302712016e-05
1.664,0.00021981601937756236
1.668,0.00011060339168089346
1.672,0.00018222250423196595
1.676,0.00012575436044378932
1.68,-0.00011770930200384905
1.684,-8.282416478209906e-05
1.688,0.00012105399490669343
1.692,5.762186593842095e-05
1.696,-1.6678150651928787e-05
1.7,-0.00022476326645598337
1.704,-7.488567576733913e-05
1.708,-2.566594090670305e-06
1.712,6.668050589075026e-05
1.716,0.00017472974068334776
1.72,9.293279938330563e-06
1.724,0.00023487871351762532
1.728,-2.9613871767393895e-05
1.732,8.836094422710068e-05
1.736,8.425324837642658e-05
1.74,-0.00019702178254795325
1.744,-0.00016340904949898577
1.748,-5.2199742639829446e-05
1.752,7.880480669693501e-05
1.756,-3.635104426986519e-05
1.76,0.00011453828129553699
1.764,0.00010333277710181891
1.768,-0.0002352898469729508
1.772,0.00011210926922926375
1.776,8.819125426200006e-06
1.78,-4.054269466941013e-05
1.784,6.013094910980318e-06
1.788,-7.927851937122281e-05
1.792,3.2207434190151266e-05
1.796,-2.0055750282383775e-05
1.8,-1.9153431528442667e-05
1.804,-3.7388923542369555e-05
1.808,-1.7863456519538126e-05
1.812,-2.162977535375604e-05
1.816,-4.4128538665951784e-05
1.82,4.172695778392113e-05
1.824,5.4050392520778656e-05
1.828,2.0054072217547817e-05
1.832,0.00014807055147855188
1.836,8.59551511210865e-06
1.84,-2.3738850858404826e-05
1.844,-2.56514937482624e-06
1.848,2.9264198338982102e-05
1.852,5.347425617960262e-05
1.856,7.254214192888672e-06
1.86,-0.0001197666716249639
1.864,2.938851882908373e-05
1.868,1.7969667788751136e-05
1.872,-6.0926459700636e-05
1.876,-9.12309935831427e-05
1.88,-0.00013485452945628028
1.884,-2.9038146810038947e-05
1.888,7.160476332670837e-05
1.892,0.0001142950240313719
1.896,9.535461985154823e-05
1.9,-8.591483248760265e-06
1.904,5.985888467279013e-05
1.908,6.608757289720485e-05
1.912,4.136296402892141e-05
1.916,-4.089201378205879e-05
1.92,-1.9906509110108304e-05
1.924,5.465733521683055e-06
1.928,0.00019845154824100908
1.932,6.244440541563161e-05
1.936,-0.00019805858814993414
1.94,-0.0001356471158379099
1.944,9.089234226493248e-05
1.948,0.0001662593795074799
1.952,7.460291263624232e-05
1.956,9.423020552667592e-05
1.96,0.00010740432414316297
1.964,7.94147668333494e-05
1.968,0.00015073799921190185
1.972,3.522968316226907e-05
1.976,-5.4029573676734e-06
1.98,2.2575748080410338e-05
1.984,-3.647465066372485e-05
1.988,6.186367489146333e-05
1.992,-1.6281257421799208e-05
1.996,-1.5388432236252702e-05
2.0,7.20819746686698e-05
2.004,-2.5143683431300565e-05
2.008,-2.70008535173655e-05
2.012,5.629464353150691e-05
2.016,-3.4271042316054135e-05
2.02,7.148479819618121e-05
2.024,-4.089008719724527e-06
2.028,-0.00011447706419400395
2.032,-0.00017327194559211415
2.036,0.00014329521090699902
2.04,-0.00010023844579014842
2.044,0.00015381769726099733
2.048,-0.00028786008396615155
2.052,0.00034783959120105487
2.056,9.000788811709909e-05
2.06,-2.0759392473900712e-05
2.064,0.0001386802226129578
2.068,-0.0006009584880760883
2.072,0.00031473559694784973
2.076,-0.00011423178520220364
2.08,2.278373964316243e-05
2.084,-0.00015125058676560943
2.088,-5.467372272884004e-06
2.092,7.899191617729324e-05
2.096,0.00017794923356032424
2.1,-0.0001949098117328314
2.104,-2.7003025164651533e-05
2.108,8.203722744007556e-05
2.112,4.36691290306155e-05
2.116,7.673491679889108e-05
2.12,-1.3897686434685104e-05
2.124,-7.193100512832788e-05
2.128,7.009380415182572e-05
2.132,-2.5141068645763165e-05
2.136,-3.7929141586933304e-06
2.14,1.2468760359522173e-05
2.144,-3.8347121615435615e-05
2.148,-1.0021765434256677e-05
2.152,1.891151870654268e-05
2.156,1.4249087785183945e-05
2.16,1.7803168768839904e-06
2.164,-6.432270124687223e-06
2.168,3.507050219824316e-06
2.172,-8.64238847481629e-06
2.176,-1.3381061506098517e-06
2.18,-1.711028419552319e-06
2.184,2.810823560771446e-05
2.188,6.426632345216463e-06
2.192,-3.098368705928276e-05
2.196,-6.297224330320824e-07
2.2,-5.723394853684201e-06
2.204,-6.993729118630115e-06
2.208,-9.637320062805196e-06
2.212,-1.6888550553384547e-05
2.216,3.734855452688926e-05
2.22,3.815522120137364e-05
2.224,-1.580303074717959e-05
2.228,-1.8645018609997012e-05
2.232,5.104959015846781e-06
2.236,9.349991099525301e-05
2.24,3.92707356310716e-05
2.244,7.069286390881498e-05
2.248,0.0004735988173447769
2.252,0.00016565243798494854
2.256,-8.72878614576843e-08
2.26,0.00017756843815357152
2.264,-0.00011158041492847821
2.268,6.687487171656722e-06
2.272,9.162458445654966e-05
2.276,-5.084362866808088e-05
2.28,-1.4819579008171935e-05
2.284,-0.0001802668297510824
2.288,-0.00011102849215136722
2.292,0.000129917284229961
2.296,-6.50177970661285e-05
2.3,0.00022429869224729703
2.304,-9.673042454055598e-05
2.308,0.00011130386542414
2.312,0.00026424148882340923
2.316,0.00039637973049034723
2.32,0.0001964096679120199
2.324,0.0006390440733171347
2.328,-0.00024005869391192423
2.332,0.00030269758203311934
2.336,0.0001547137615819627
2.34,0.0007738156514223167
2.344,0.00048103861470907096
2.348,0.00088416478508816
2.352,-0.0017699821878512977
2.356,-0.002488204916774673
2.36,-0.0003938123741336901
2.364,0.00011863634417348022
2.368,0.003975263409381647
2.372,0.004550537199883547
2.376,0.0045095440938058215
2.38,-0.0031036972679855204
2.384,-0.0032427810514597086
2.388,-0.00546569967586926
2.392,0.010817339496621227
2.396,0.03247657239497501
2.4,0.003384634075814502
2.404,-0.028106200373951506
2.408,0.0023541565680827423
2.412,0.002516885356367951
2.416,0.0007290075174654762
2.42,-0.0003227955966147726
2.424,-5.388686516152788e-05
2.428,0.00012059017704255704
2.432,-0.0016184850738351691
2.436,-0.00554486876988649
2.44,-0.0007929864116765662
2.444,-0.0015665276898142583
2.448,-0.0029482247864214424
2.452,-0.001964976064121295
2.456,-0.0010886781630098854
2.46,0.0022115517322509335
2.464,0.00345552356535189
2.468,0.0023051953774438035
2.472,0.0005207009769588625
2.476,0.0006603022693138939
2.48,-0.0044806595842686895
2.484,-0.007495052275947153
2.488,-0.0018612149689524022
2.492,-0.002084663809669304
2.496,-0.0046449320773667
2.5,-0.005994530347841907
2.504,0.0021832545176650392
2.508,-0.007602691117238712
2.512,-0.003471228143314044
2.516,0.0017645283367995126
2.52,0.000804047484551105
2.524,0.007450257636816468
2.528,0.006680565549374003
2.532,-0.0010045969203319213
2.536,-0.0036770247560908216
2.54,0.0016302286083580066
2.544,0.004223367190874977
2.548,0.012562988983437934
2.552,0.0021757676661199247
2.556,-0.0013963427884438157
2.56,-0.0027356033885705074
2.564,0.007868075030513922
2.568,-0.014061171514446866
2.572,-0.003475066559630848
2.576,0.009066120340731999
2.58,-0.006516270374939213
2.584,-0.003188087328937667
2.588,-0.02320074017019159
2.592,0.033245355611897204
2.596,-0.049100289820932515
2.6,0.006251192482328027
2.604,0.0106606133535083
2.608,-0.09975259768976469
2.612,0.03180480989508168
2.616,-0.015933027701131783
2.62,0.008883639241991965
2.624,0.037064752425713304
2.628,0.06059472168253286
2.632,0.052697525043205004
2.636,-0.007425261278989929
2.64,0.08794973994638537
2.644,0.030413208315387904
2.648,-0.13218268564643096
2.652,0.14156319864151093
2.656,-0.10695356425922646
2.66,-0.13495031669952431
2.664,0.12012680403866761
2.668,-0.13418975516360554
2.672,0.06805945499601693
2.676,0.04934191074321408
2.68,0.02629277798783647
2.684,0.11056027161505887
2.688,-0.11286148015417886
2.692,0.158238065161857
2.696,-0.08457475647229643
2.7,-0.17005234855769663
2.704,0.15232730066385586
2.708,-0.1525995743765303
2.712,-0.012045781704774832
2.716,0.1033579892021072
2.72,-0.05075471177423243
2.724,0.12687698229648073
2.728,-0.04522450623092063
2.732,0.11467829479212871
2.736,-0.02592896841689204
2.74,-0.14114141200270616
2.744,0.14724215595771317
2.748,-0.1531443917576064
2.752,-0.06912041800760992
2.756,0.12469982526773625
2.76,-0.09004291598763056
2.764,0.10463932154648727
2.768,0.006424605278848542
2.772,0.055482380765209116
2.776,0.052756298051211854
2.78,-0.1495911993777748
2.784,0.1438122872949826
2.788,-0.10280226129904889
2.792,-0.16091762505237572
2.796,0.17069546045252265
2.8,-0.14385630218273096
2.804,0.036001143943642705
2.808,0.07634046634350893
2.812,-0.028185990119978764
2.816,0.09217201423275065
2.82,-0.09589198404352858
2.824,0.11782306349387187
2.828,-0.029567396306352727
2.832,-0.16296717037794892
2.836,0.15223151256057596
2.84,-0.14102563711316987
2.844,-0.09395890798656864
2.848,0.13362483453022012
2.852,-0.12618647134458033
2.856,0.09062286479714605
2.86,0.00996454019612408
2.864,0.06429865680770624
2.868,0.06000562278652981
2.872,-0.1496476628644634
2.876,0.15384927789988875
2.88,-0.12394110033743747
2.884,-0.0813617960227003
2.888,0.11694287873482857
2.892,-0.11451197630028032
2.896,0.1173211724125248
2.9,-0.01881437964379601
2.904,0.05557585414713163
2.908,0.017369554527826837
2.912,-0.14073203920754343
2.916,0.12442201307716307
2.92,-0.139564707255602
2.924,0.029036293408679185
2.928,0.08495646098728134
2.932,-0.03724410984617953
2.936,0.13666655618016407
2.94,-0.12545950238868075
2.944,0.10195036398006323
2.948,-0.09584676066386641
2.952,-0.07307714016025642
2.956,0.09419000113996923
2.96,-0.10025331122716004
2.964,0.1441756156324196
2.968,-0.042923692921699536
2.972,0.07862931054496818
2.976,-0.02517125746379867
2.98,-0.15646367917266069
2.984,0.09650977366214263
2.988,-0.14562905132710588
2.992,0.10789568216361792
2.996,0.04217149388163948
3.0,0.048526406216458845
3.004,0.07008092006637058
3.008,-0.1571280669139357
3.012,0.0691773144561895
3.016,-0.1668737362828928
3.02,0.030515342891258363
3.024,0.07693908179790979
3.028,0.008699252100201518
3.032,0.14584180789884388
3.036,-0.12796983167370396
3.04,0.0855627473685298
3.044,-0.1480097982507791
3.048,-0.059905177420445516
3.052,0.10551932110941682
3.056,-0.054811378744815474
3.06,0.1971971198555128
3.064,-0.06265133818484554
3.068,0.054663089082021256
3.072,-0.07715529179543205
3.076,-0.12334132430961046
3.08,0.0813849841045012
3.084,-0.07357223373733153
3.088,0.06272083081324208
3.092,0.06671415440640009
3.096,-0.11439702853827843
3.1,0.1307423368011506
3.104,-0.23628741479587126
3.108,0.16011326327985792
3.112,-0.1342319939592481
3.116,0.06431141019234113
3.12,0.10085346241299069
3.124,-0.09641824457293946
3.128,0.15638788911934362
3.132,-0.24058414270988795
3.136,0.1501002668257843
3.14,-0.1911289718201523
3.144,0.11082427432140024
3.148,-0.004757431398730968
3.152,-0.0013575860239389552
3.156,0.10581766333490628
3.16,-0.1943959826630618
3.164,0.16897950967598016
3.168,-0.19890376072898272
3.172,0.12647790461533504
3.176,-0.051178982311506464
3.18,-0.003044126709539188
3.184,0.0928445211088003
3.188,-0.19137039384883983
3.192,0.1948527662707254
3.196,-0.21268342019608583
3.2,0.15156375435730632
3.204,0.05007696853132576
3.208,-0.024993440296237058
3.212,0.15844418325705045
3.216,-0.26733246610216654
3.22,0.16643492737297794
3.224,-0.11602644738962432
3.228,0.11608192761457937
3.232,0.09507690000189625
3.236,-0.15513029226075659
3.24,0.12065814880354428
3.244,-0.21185670641521054
3.248,0.11513733169043773
3.252,0.04035047448383471
3.256,-0.04379817973987713
3.26,0.1134360779266585
3.264,-0.23996738979284177
3.268,0.1313973501709372
3.272,-0.04853997515351189
3.276,0.034673244238120196
3.28,0.09828794741914222
3.284,-0.2331869044185607
3.288,0.12884688234330818
3.292,-0.12471109082985678
3.296,0.10520113030170468
3.3,0.06341236659623628
3.304,-0.14904145622856613
3.308,0.13234677301694414
3.312,-0.16219976359352942
3.316,0.10436122912786547
3.32,0.07206361208436461
3.324,-0.1046418251841254
3.328,0.031715783387501896
3.332,-0.022250417244024805
3.336,0.019876282077602312
3.34,0.00813419719488406
3.344,0.07660366609661254
3.348,0.0341642921926504
3.352,-0.11423911173282088
3.356,0.0701768189874066
3.36,-0.0672367328267013
3.364,-0.14058208862143964
3.368,0.07299214693191616
3.372,-0.05265972608530016
3.376,0.006331618177167942
3.38,0.04122759497964717
3.384,0.07938186266875864
3.388,0.06623060414431618
3.392,-0.05510344258292937
3.396,0.12820017372012246
3.4,-0.04078408414633844
3.404,-0.1597991971031054
3.408,0.124698597551558
3.412,-0.10130145012719408
3.416,-0.10928413668917308
3.42,0.12110991774947395
3.424,-0.05443043561876908
3.428,-0.06401281268112118
3.432,0.11110818347663272
3.436,-0.0034663373557978043
3.44,-0.059762225061878435
3.444,0.07509622069678104
3.448,0.03123360800251408
3.452,-0.0767503083506331
3.456,0.07838990648762162
3.46,0.008466463605732397
3.464,-0.10142904102165204
3.468,0.05918661490879217
3.472,0.016084543264901784
3.476,-0.10645074904192849
3.48,0.07580033455728168
3.484,0.012706405981829308
3.488,-0.12826534005737017
3.492,0.07485345719159246
3.496,0.002659897263611608
3.5,-0.10716934566770094
3.504,0.06331765919547643
3.508,0.032099822643537695
3.512,-0.08289633569560853
3.516,0.047600387104244316
3.52,0.058955631211699375
3.524,-0.054092839480388365
3.528,0.05446150608468463
3.532,0.08743671906836337
3.536,-0.013693818368239501
3.54,0.010655959064865158
3.544,0.10188540531615504
3.548,-0.04139545829059078
3.552,-0.04981348698541576
3.556,0.04750892244739151
3.56,-0.049664440414269845
3.564,-0.1057624525797187
3.568,0.06312993269361566
3.572,-0.034124325908704276
3.576,-0.10974863172442659
3.58,0.08371056913051703
3.584,0.023749774478821276
3.588,-0.09258952461159282
3.592,0.12644834986378564
3.596,0.010586317789071509
3.6,-0.019590869557122907
3.604,0.04054545153650003
3.608,-0.006672379170000091
3.612,-0.059653297106568935
3.616,0.030233202605469564
3.62,0.12596320159340807
3.624,-0.08391663187961362
3.628,0.09977239918174428
3.632,0.028282789881353944
3.636,-0.18214487435523175
3.64,0.11168214298218059
3.644,-0.10490892215858554
3.648,0.06672406274851216
3.652,0.02200234674878799
3.656,0.08035635813371031
3.66,0.04689497433257527
3.664,-0.12575788155888457
3.668,0.08609151300912543
3.672,-0.09940477031574456
3.676,-0.028895931444407254
3.68,0.08840511636803529
3.684,-0.0032847736246129637
3.688,0.08564148584509283
3.692,-0.0998597006105483
3.696,0.09266051976107793
3.7,-0.07268415394134027
3.704,-0.11174991629692801
3.708,0.10062654940928974
3.712,-0.09005620116331438
3.716,0.08367654781346302
3.72,0.03976829508601255
3.724,0.05963255964160766
3.728,0.0316082586879886
3.732,-0.1476251208935461
3.736,0.06660166140857932
3.74,-0.09967728088467889
3.744,0.012591602633693385
3.748,0.07544369283620618
3.752,0.010817838412934854
3.756,0.1015156736451133
3.76,-0.1084446122083313
3.764,0.07573682172862489
3.768,-0.07009730428917656
3.772,-0.10062612661684557
3.776,0.09100942854975512
3.78,-0.041693532960497263
3.784,0.08245139207062956
3.788,-0.008478211738139752
3.792,0.05722200639415103
3.796,-0.0018984970134272585
3.8,-0.14588849028954995
3.804,0.08491865324898154
3.808,-0.09783172326703413
3.812,0.04768035686044501
3.816,0.05133136520476372
3.82,0.03983124999715057
3.824,0.032940689814263596
3.828,-0.0780778717119406
3.832,0.05916048819066342
3.836,-0.08631829144994095
3.84,-0.06646214074716136
3.844,0.06685845206312965
3.848,-0.038846220732903745
3.852,0.105298347900927
3.856,-0.03917847077787002
3.86,0.05325053720201984
3.864,-0.05432521421956119
3.868,-0.020812981904400757
3.872,0.0009747295684030374
3.876,-0.00432054117300104
3.88,0.015273061612735074
3.884,0.017675456540595016
3.888,-0.029211761781998323
3.892,0.04501792875873556
3.896,-0.0480098703486529
3.9,-0.011818453153224544
3.904,0.022853355881382938
3.908,-0.014697278555459487
3.912,0.007643338245322504
3.916,-0.07324116119665645
3.92,0.06195775920430793
3.924,-0.041701792507449625
3.928,0.05523662198523932
3.932,-0.04282016083237321
3.936,0.017172781941015684
3.94,0.007729623464270574
3.944,-0.0190969790907113
3.948,0.0661328712074633
3.952,-0.05561471272706837
3.956,0.056316989993985045
3.96,-0.13532904538565918
3.964,0.1387390990778106
3.968,-0.1212341032282675
3.972,0.12437686431168074
3.976,-0.20629798214407036
3.98,0.18706683955503403
3.984,-0.2282170361209314
3.988,0.15158654213059566
3.992,-0.21427135933063576
3.996,0.1407025209533373
4.0,-0.06989517746436534
4.004,0.015894329827355128
4.008,0.002532016997539069
4.012,-0.0045367472474599204
4.016,-0.027473376859278874
4.02,0.053095362706268225
4.024,0.03307980480360463
4.028,-0.04355176399955548
4.032,0.034242017596950676
4.036,0.023441486687214567
4.04,0.01966722900274621
4.044,0.003113738693723682
4.048,-0.030584814805322907
4.052,0.038622783023196404
4.056,-0.02223039280124206
4.06,0.03998061987576553
4.064,-0.05634939441342706
4.068,0.00560871681087534
4.072,-0.00960573032345065
4.076,0.01577257153334602
4.08,-0.037800002191333414
4.084,0.056486160229902
4.088,-0.02536956322366809
4.092,-0.006198986993884759
4.096,0.02318092838329105
4.1,0.010556530881596275
4.104,0.00021369739255860725
4.108,-0.04502920893024357
4.112,0.0576035857429661
4.116,-0.037003587436836995
4.12,0.02735083089088746
4.124,-0.0485077899419721
4.128,0.040940682862998436
4.132,-0.023899682228251947
4.136,0.015480478399034811
4.14,-0.017752034008224213
4.144,0.016383047996152204
4.148,-0.0036445366462367016
4.152,-0.0166526048925616
4.156,0.029795738794345702
4.16,-0.011652187531253801
4.164,0.010819398320510962
4.168,-0.04329637217454384
4.172,0.028335985758852888
4.176,-0.00743893482469825
4.18,0.010128931766271719
4.184,-0.034505398629471495
4.188,0.04029840185989415
4.192,-0.019634092294727425
4.196,0.01552136438702477
4.2,-0.011083484639386309
4.204,0.015261538650478204
4.208,-0.01421980412751103
4.212,0.000997184139469605
4.216,0.00433235837395486
4.22,0.006989803912281976
4.224,0.0017160806563349857
4.228,-0.012977077004746604
4.232,0.010614224741160925
4.236,-0.0030997575112297732
4.24,-0.003644147723494821
4.244,-0.006950526068555968
4.248,0.008080067509072492
4.252,-0.006085125307848574
4.256,0.0036237089533169807
4.26,-0.005104975339744218
4.264,0.0020149419747032896
4.268,-0.0050879874536882
4.272,-0.003304809953474178
4.276,0.006050674600953047
4.28,-0.00043023848801174077
4.284,-0.002588444103697984
4.288,-0.003728794380802273
4.292,0.00047021425951722796
4.296,0.0009040246353061365
4.3,-0.002855371117936689
4.304,-0.0012480500758658753
4.308,-0.0006789663195058207
4.312,0.0037858845405131965
4.316,-0.008036429167553732
4.32,0.003764242631428844
4.324,0.0014139647935815826
4.328,0.00039133881207160264
4.332,-0.0025133041133385916
4.336,0.00514683288909579
4.34,-0.002492418927681711
4.344,-0.0014987670126136745
4.348,-0.001954349361610875
4.352,0.005513825240863662
4.356,-0.0022540302963199054
4.36,0.001113563669608129
4.364,-0.002179045245399568
4.368,0.0026369915146927042
4.372,-0.0019666040664038198
4.376,0.00019905706387364966
4.38,0.0011688147404802975
4.384,0.001748839471085385
4.388,-0.0035642548786659484
4.392,-0.00042036261448384675
4.396,0.0006839062374535985
4.4,8.848190539546361e-05
4.404,0.0007244525364316722
4.408,-0.002778933439103374
4.412,0.0009631580631111552
4.416,2.6946002014351765e-05
4.42,-9.09012439546409e-05
4.424,-0.0012525590007149993
4.428,0.00302470557730246
4.432,-0.0004712461560699357
4.436,-0.0016688173219076515
4.44,0.00023122803916460902
4.444,0.0028468518480882932
4.448,-0.001753099327805039
4.452,0.000801657807194076
4.456,0.000250958129354332
4.46,0.0011291485452972093
4.464,0.0004885484982472487
4.468,0.0014424218820884864
4.472,-0.002588076589437727
4.476,0.000433140092921505
4.48,0.00034208354478585556
4.484,0.0004924887937075329
4.488,0.0008995428996218288
4.492,-0.0008498181615032139
4.496,-0.0011039396002913992
4.5,0.0006566297775103865
4.504,-0.00019522321586280721
4.508,-0.0008550371950813929
4.512,0.0005803640803454729
4.516,-0.0016936000188799002
4.52,-0.0013993979483635478
4.524,0.0014173786075314188
4.528,0.0005144642906528844
4.532,0.0009975642876616218
4.536,0.0014504768747439498
4.54,-0.0019989091682528454
4.544,-0.0019912281017575124
4.548,-0.00021644493143498038
4.552,0.0016230046592745242
4.556,0.0012151059835635483
4.56,-0.00020370135413351167
4.564,0.0003129243259447739
4.568,0.001461147908441168
4.572,0.00015671619853260777
4.576,0.0009227565825601152
4.58,-0.000532170144156087
4.584,0.0004577980361428632
4.588,-0.0003335616421151314
4.592,0.0010483823711118752
4.596,-0.0009232821640025126
4.6,-0.0010295795771749112
4.604,-0.0011469006256094392
4.608,-0.0003751736702499216
4.612,-0.0007994166048185353
4.616,-0.00013569907627977005
4.62,-0.0007796992922343265
4.624,-0.0008426062336102403
4.628,-0.00041270127820378056
4.632,-0.0002888232050290803
4.636,0.0008766209598938626
4.64,-0.0010159372646454422
4.644,-0.00019670083517803584
4.648,5.9515587428986464e-06
4.652,0.00018469602242169683
4.656,4.539908908560947e-05
4.66,-0.0004820355304998256
4.664,0.00017321686000305845
4.668,0.001061419669358599
4.672,-0.0001574987470947205
4.676,0.000511019035011768
4.68,-0.00022996212778252884
4.684,-0.00012683595901680453
4.688,-3.0404975201817587e-06
4.692,-0.00048672104591793326
4.696,-0.0004374350235307425
4.7,0.00038227573935729604
4.704,-0.0008193060424972073
4.708,0.0006960027862528858
4.712,0.0006053106030999296
4.716,3.267958741897614e-05
4.72,0.0003029812732509463
4.724,-0.0004928660736652143
4.728,0.0003558014927610856
4.732,0.0006413596081218868
4.736,0.0004200988881113761
4.74,0.0002448602559846043
4.744,-0.0001533849089076516
4.748,-0.0003674379190426784
4.752,-0.0003498291330034488
4.756,-0.0008788390564568619
4.76,-0.00023544504387336206
4.764,-0.0006615245716260402
4.768,-0.00015596367873397973
4.772,-0.000231192767800883
4.776,-0.0003526427668741056
4.78,-5.594783813201667e-05
4.784,0.0008449024422260275
4.788,-5.705689241586729e-05
4.792,4.70050470953703e-05
4.796,0.0003036647558569183
4.8,-0.000886118853850041
4.804,-0.00017310136892081563
4.808,0.0005829402122599647
4.812,-0.0003583697485030988
4.816,0.00028083863467054143
4.82,-0.0005535232892348743
4.824,-0.000460182960255291
4.828,-0.0001475082244184733
4.832,0.0004485069289937582
4.836,0.00021825280005455876
4.84,-9.218356853316942e-05
4.844,0.0006219716020259879
4.848,-0.00016662602415073487
4.852,-0.0002410754597826112
4.856,0.0006569644016358422
4.86,8.106184756227556e-05
4.864,0.0008075301773094903
4.868,6.949316881522498e-05
4.872,4.350836475335027e-05
4.876,-6.28080164711736e-05
4.88,-0.00024594935382980386
4.884,5.572477981879423e-06
4.888,0.00012403385573986632
4.892,9.919259233942046e-05
4.896,-3.650117184248543e-05
4.9,-0.0002658790712867634
4.904,-0.0001865528074079938
4.908,0.00029303547056706944
4.912,0.0002982555458620753
4.916,-0.00016978932307938873
4.92,-0.0002055113336853096
4.924,0.0001533089724461473
4.928,9.734566293185371e-05
4.932,-0.00023276017353272748
4.936,-0.00026684109841509565
4.94,-0.00019025110798426902
4.944,-7.354811669764979e-05
4.948,-0.00020249072289377354
4.952,0.0004343133495931154
4.956,0.00010738950741665378
4.96,2.282800405508096e-05
4.964,-0.00023239174736478625
4.968,9.067283802823474e-05
4.972,-0.00019170084638618558
4.976,-6.306879646174207e-05
4.98,-0.00024058896802226998
4.984,-0.00025084358633764884
4.988,-0.00016929174602223868
4.992,-0.00018362614555533045
4.996,0.00015946753438901093
5.0,0.00041512920356181636
5.004,-2.3984074699164825e-05
5.008,5.7752291947199535e-05
5.012,0.0003969071820447055
5.016,-0.0001117589461233161
5.02,-0.0002271738202250975
5.024,0.00019508037708725143
5.028,-3.2831158677351137e-05
5.032,-0.0001269955621926908
5.036,0.00010077926957914131
5.04,0.0002649035404961262
5.044,-8.541044771690375e-05
5.048,8.85409360531332e-05
5.052,0.00038622237176569904
5.056,2.2272820088486363e-05
5.06,0.000218392522407089
5.064,-0.00011775434674496526
5.068,5.981985988380485e-05
5.072,5.384213662343318e-05
5.076,-0.000221447029552459
5.08,-7.431358784269572e-05
5.084,0.00026765548140244763
5.088,-0.00011363706587874793
5.092,0.0001389664059476506
5.096,0.00016690060131751357
5.1,0.00020840250910378493
5.104,1.0097299602218963e-05
5.108,0.0001501896597137348
5.112,5.8397008502833966e-05
5.116,-4.0045721099650105e-05
5.12,-0.0001893316309612396
5.124,1.1568284781999081e-05
5.128,-4.5203209271998596e-05
5.132,0.0001354559500620105
5.136,-5.912718074479037e-05
5.14,2.2251688943041956e-05
5.144,0.0001118254490499138
5.148,7.838229191686916e-05
5.152,1.3254393101592243e-05
5.156,7.559432015048694e-05
5.16,-0.00014351535625403963
5.164,-8.383348667920434e-05
5.168,5.577747805205207e-06
5.172,-7.752795625940859e-06
5.176,0.0002299199261230892
5.18,0.00015717606184603033
5.184,8.845817343991743e-05
5.188,7.950833675894272e-05
5.192,7.705592224863492e-05
5.196,0.00018989661973647882
5.2,-0.00012104718741866693
5.204,-4.544494330696486e-05
5.208,-3.795203533302793e-05
5.212,-0.00012327659376512213
5.216,-9.801468607462757e-05
5.22,-2.6371805922615934e-05
5.224,0.00014187189299870765
5.228,-2.494396691763752e-05
5.232,4.770815411643542e-05
5.236,3.0124657337792066e-05
5.24,-8.970700373067237e-05
5.244,4.7809348675474706e-05
5.248,-0.00011016075107435618
5.252,-1.1849226572323948e-05
5.256,-0.0001760995929509842
5.26,7.570233007088853e-06
5.264,-3.5076987707126185e-05
5.268,-6.02749979080992e-05
5.272,8.85545831997451e-06
5.276,6.324503388135987e-05
5.28,-1.7616059940448643e-06
5.284,-2.9736341667644113e-05
5.288,-0.00028088719660269664
5.292,2.8783313325091592e-05
5.296,0.00022359769170743937
5.3,5.737494160572227e-05
5.304,-0.00013621932884626302
5.308,1.1492551983172731e-05
5.312,0.00027048351408628685
5.316,-4.2909666599109955e-05
5.32,9.87310937962974e-05
5.324,6.445780135701427e-05
5.328,0.00017791460258306945
5.332,4.926708957794075e-05
5.336,-5.7166252612605273e-05
5.34,2.2600457504381863e-05
5.344,-8.907038191363109e-07
5.348,-5.857360979061815e-05
5.352,-8.164074200577808e-05
5.356,-2.719181669731272e-06
5.36,5.054906532181279e-05
5.364,3.766266350660082e-05
5.368,0.00018647779905753696
5.372,0.00019820922200454634
5.376,5.453219315118382e-05
5.38,-5.755197641066074e-05
5.384,-5.9347735979601515e-05
5.388,9.061215300599056e-05
5.392,3.0372043478476556e-05
5.396,-0.0001250156969013645
5.4,-5.31968467126619e-05
5.404,-8.943545277174612e-05
5.408,6.6076358119441745e-06
5.412,-8.201460944288019e-05
5.416,-0.000136033412978628
5.42,-4.555213250953924e-05
5.424,6.228939060506592e-06
5.428,8.701235840621519e-05
5.432,2.0998603109131424e-06
5.436,-4.1897663299256955e-06
5.44,-6.567485309294373e-05
5.444,5.871056576518848e-05
5.448,-1.2656848205296788e-05
5.452,1.0043282664970234e-06
5.456,-1.1032361192379325e-05
5.46,-6.48366726415318e-05
5.464,-3.8572686110980695e-05
5.468,1.8653597553043636e-05
5.472,-2.2068484034505666e-05
5.476,8.612786285963542e-05
5.48,3.026433351463189e-06
5.484,1.8138019601304024e-05
5.488,2.396429776010688e-05
5.492,0.00010347108664956442
5.496,8.034372339220214e-05
5.5,8.017878771203357e-05
5.504,-4.753885606870748e-05
5.508,-2.1886230864632014e-05
5.512,-1.8741544809436194e-05
5.516,-4.7467630655781454e-05
5.52,-8.918291494717095e-05
5.524,-8.068714838952199e-05
5.528,-5.365309187086958e-05
5.532,3.1545059269318434e-05
5.536,8.808451378260052e-05
5.54,3.849540301551157e-05
5.544,-8.084599654879286e-06
5.548,-1.2898771725290194e-05
5.552,2.6389762544861674e-05
5.556,-4.211846780019276e-05
5.56,-3.7234803631653854e-05
5.564,-1.1694297359275563e-05
5.568,7.409576980855103e-05
5.572,3.193042939525161e-05
5.576,7.918428428370108e-05
5.58,6.864832947018154e-05
5.584,3.594514156517352e-05
5.588,-7.058951975891066e-05
5.592,-3.265448029103999e-05
5.596,-5.930472729376703e-05
5.6,7.018194828008747e-05
5.604,4.6043349550205735e-05
5.608,-2.1921309809082135e-05
5.612,-8.66710255282759e-05
5.616,0.00013408410862217525
5.62,0.00017719375738976472
5.624,4.217951107707122e-05
5.628,-4.824003619082594e-05
5.632,-0.00013819834603153198
5.636,-0.00019163885951593775
5.64,-0.00011787738323364036
5.644,-5.315036805230512e-05
5.648,5.456206281203842e-05
5.652,-0.00011069245141531882
5.656,-0.00021541266182696138
5.66,-0.00017015752816146342
5.664,0.00012902099608544607
5.668,-7.255054092188259e-05
5.672,-0.0002304141748351423
5.676,-4.9437000519376264e-05
5.68,7.973174199018644e-05
5.684,-4.344822406468616e-05
5.688,-5.528443182489784e-05
5.692,0.00046303756463343725
5.696,-0.00036116138769731184
5.7,3.55857092995427e-06
5.704,0.00047298593710739693
5.708,0.000548223207794887
5.712,0.00021945457663192047
5.716,5.686594878483603e-05
5.72,-0.00025140386489227507
5.724,-0.00017833498491240992
5.728,-0.00043299266722359315
5.732,-0.0006198236533632239
5.736,-0.0001396156591739088
5.74,0.0005213221310772354
5.744,-2.850348474783052e-05
5.748,0.0006793104840054509
5.752,-4.889588834562e-05
5.756,0.0009322297093508611
5.76,-0.0006073374790963891
5.764,0.0002958479674641341
5.768,-0.00033968997701246627
5.772,0.0003134337831405075
5.776,0.0003033542638292171
5.78,5.306223429820596e-05
5.784,-0.0003618645415253676
5.788,-0.00033007674693748105
5.792,-0.00017096776198823868
5.796,0.0005278500592597816
5.8,7.595061767989072e-05
5.804,0.0006888369944049607
5.808,-0.0008456967143017353
5.812,-0.0005272413698465039
5.816,-0.0005356010229328255
5.82,-0.0002093950495683769
5.824,0.00021041722871415058
5.828,0.0010043868701365263
5.832,-0.0007693953255107388
5.836,6.85840391352469e-05
5.84,-0.0017602541694584223
5.844,-0.0012581561177053826
5.848,0.00024037986978843993
5.852,0.0013381248940991198
5.856,0.0002583175314255061
5.86,0.0006634947459250688
5.864,-0.000615261441738026
5.868,-0.0005427628939929374
5.872,-0.00017744493820131722
5.876,0.0008904289263137206
5.88,0.0010734525502015817
5.884,0.001733878070310004
5.888,-0.000119008534841077
5.892,-0.0018972527335488116
5.896,-0.0008416698016988051
5.9,0.0002649163644256945
5.904,0.0010008577051859094
5.908,0.0005967398899472318
5.912,0.0012565889624793194
5.916,0.0002683086859245185
5.92,0.000250601885484143
5.924,-0.00022764656880861753
5.928,-0.0003859522975727157
5.932,-0.0003664711267730284
5.936,0.00018282692426930508
5.94,0.0009661159162208516
5.944,0.0006051027573733758
5.948,-0.0009600730445336383
5.952,-2.7972924927656474e-05
5.956,0.0011327841797051023
5.96,-0.0017398758069272166
5.964,-0.0011422892513558468
5.968,0.0011314505967514586
5.972,0.0008519809830595752
5.976,0.0004606547474149987
5.98,0.0014038603995433906
5.984,-2.4672885624846198e-05
5.988,0.0007398537322810873
5.992,0.00015818756598427278
5.996,-0.00024736983811722736
6.0,-0.0015795181949849913
6.004,0.0009766065567289445
6.008,-0.002014739369407148
6.012,-0.00025157900164002057
6.016,-0.0007575583870150453
6.02,-0.0025121777799776016
6.024,-0.0005703690254218967
6.028,-0.001848090916745933
6.032,-0.0015792375604978804
6.036,-0.0013047336613343575
6.04,0.0010789622880128156
6.044,-0.0006437193360000766
6.048,1.3280244706270489e-05
6.052,0.0020379727860555382
6.056,0.00108221647428311
6.06,-0.001323469836531454
6.064,-0.0012709873490726257
6.068,-0.0008219579663002824
6.072,-0.0018785461184813868
6.076,0.0013749184129160734
6.08,-0.0012218799909013772
6.084,0.00012139433404323456
6.088,0.0006816466950466412
6.092,0.004776709275508848
6.096,-0.00021893975117765065
6.1,2.890531800664959e-05
6.104,0.001660573129622085
6.108,0.0011782482374434558
6.112,-0.0005989181038798162
6.116,-0.003182940440411593
6.12,-0.001227627316867027
6.124,0.00318572448577907
6.128,0.0001887490475181165
6.132,0.0005411363530776424
6.136,0.0015855930723936542
6.14,0.0010851340341142884
6.144,-0.00041671207005410804
6.148,0.00310318751809564
6.152,-0.00296508656416448
6.156,0.0038623576633660234
6.16,-0.0011244404488391
6.164,-0.00413812555390865
6.168,-0.004595781023042051
6.172,0.005583023275236094
6.176,0.00038083851117439615
6.18,-4.4923713517475914e-05
6.184,-0.005105400294304156
6.188,-0.0037118103298551855
6.192,0.0031258433829421564
6.196,0.0017066433140183724
6.2,0.005799419687679875
6.204,-0.008248579778674537
6.208,-0.001904338618594039
6.212,0.005220713419699811
6.216,0.0013168630046777464
6.22,0.00028389709251958034
6.224,-0.004162640178184434
6.228,-0.00038704941062437254
6.232,-0.00800908615399951
6.236,-0.00525349929023973
6.24,0.0004428301908315005
6.244,-0.00021148212569989028
6.248,0.024667399476445306
6.252,-0.01791242956352906
6.256,0.01246773113017064
6.26,-0.01962453429427734
6.264,-0.02114918665069671
6.268,0.004369025763464378
6.272,-0.009737521425222126
6.276,0.03466404315316767
6.28,-0.01248130204597899
6.284,-0.002088351139830252
6.288,-0.006065236771525641
6.292,-0.009278338095222678
6.296,0.05073995891188821
6.3,-0.026101093566684202
6.304,0.02614486394333059
6.308,-0.03770228438608777
6.312,-0.012589748913025145
6.316,-0.009602063066526738
6.32,-0.01404271153530999
6.324,0.05406884370227718
6.328,-0.024032306764628527
6.332,0.05860194094134516
6.336,-0.04746733509627904
6.34,0.001416131429777516
6.344,-0.017393131807870818
6.348,-0.02823933010764021
6.352,0.07427287833820764
6.356,-0.0484111069709572
6.36,0.07947240487254645
6.364,-0.0651200360987836
6.368,-0.006119409173786766
6.372,-0.005427058630455502
6.376,-0.041142549713471296
6.38,0.09577976310623189
6.384,-0.06542018072510568
6.388,0.13009528601833015
6.392,-0.10600617176891208
6.396,-0.008913601629675203
6.4,-0.022393049938241514
6.404,-0.05301310357362117
6.408,0.14523343176315082
6.412,-0.11750198915434881
6.416,0.13964210209616873
6.42,-0.04384251339753222
6.424,-0.021149534996005356
6.428,0.010145504227609518
6.432,-0.1310632618273517
6.436,0.15785882709951835
6.44,-0.05234429088689633
6.444,0.05170870045530924
6.448,-0.019824284382966247
6.452,-0.10479897249055219
6.456,0.09130730637771792
6.46,-0.038929328603925645
6.464,0.06998062435180642
6.468,-0.026305418667466593
6.472,-0.10393477505185954
6.476,0.09408026539812056
6.48,-0.03252064952291978
6.484,-0.013366787413531754
6.488,0.07939126232766065
6.492,-0.10178660358205266
6.496,0.0600421668067401
6.5,0.007904456612434028
6.504,-0.06170002267087758
6.508,0.10722788922014273
6.512,-0.048957780020372
6.516,-0.12703474518773264
6.52,0.12733825391088785
6.524,-0.0350729014296303
6.528,0.06704046815701939
6.532,0.02771928314883013
6.536,-0.1851374114401973
6.54,0.16360363804617745
6.544,-0.04419186169877445
6.548,-0.008628991710140095
6.552,0.03753559529362299
6.556,-0.15798232073742988
6.56,0.16393664620412196
6.564,0.0048048062800058215
6.568,-0.14628031764441435
6.572,0.15385280275134144
6.576,-0.10312862779940285
6.58,0.08606705441044527
6.584,0.04114602973978891
6.588,-0.19937268076564174
6.592,0.16046580451431408
6.596,-0.06663540613703482
6.6,-0.035461394006270276
6.604,0.07239456120319239
6.608,-0.18828475847529486
6.612,0.18997594493820605
6.616,0.006021358191488723
6.62,-0.1490167385929587
6.624,0.11335425339738207
6.628,-0.13213535149617334
6.632,0.141391363347803
6.636,0.07904611188766755
6.64,-0.227689270751939
6.644,0.26304968128383704
6.648,-0.2030697908627158
6.652,0.1549898283911539
6.656,-0.022466408262781797
6.66,-0.1442675262742005
6.664,0.2503697461895579
6.668,-0.2572689082592299
6.672,0.30143788952239703
6.676,-0.25318857251324417
6.68,0.16422942143228558
6.684,-0.10784846434365172
6.688,-0.05584290501385525
6.692,0.145094701155353
6.696,-0.2120269443811743
6.7,0.3039666137171294
6.704,-0.2768689906739827
6.708,0.20565468654246288
6.712,-0.15791741131083248
6.716,-0.014661096868411305
6.72,0.08633581935372489
6.724,-0.18901603183841925
6.728,0.3102009395182135
6.732,-0.2723018999743157
6.736,0.2980203364782589
6.74,-0.2349320576491608
6.744,0.0939748136756718
6.748,-0.03476412609887415
6.752,-0.13404244194785475
6.756,0.2296506110011596
6.76,-0.2599359886339886
6.764,0.3501868518813475
6.768,-0.2751153194636607
6.772,0.2306289852457774
6.776,-0.1897916637964955
6.78,0.03173770704234352
6.784,-0.004578572360186531
6.788,-0.12791370707888336
6.792,0.22957362223667022
6.796,-0.2276168345769178
6.8,0.33449685371555743
6.804,-0.28109991433716097
6.808,0.26915842036221144
6.812,-0.2403165770171454
6.816,0.13182462565555203
6.82,-0.06787888464714938
6.824,-0.06735899299433583
6.828,0.14137196064379565
6.832,-0.20827750108923537
6.836,0.3021608135045646
6.84,-0.2810989060568859
6.844,0.3278057729339075
6.848,-0.2722762920072104
6.852,0.2539168263347052
6.856,-0.2017453008654767
6.86,0.08109032098165296
6.864,-0.02409684221245269
6.868,-0.10401530756911866
6.872,0.15771710108716977
6.876,-0.24316980805596466
6.88,0.30548877273238484
6.884,-0.29630361593426613
6.888,0.35436994832587726
6.892,-0.3071843855793448
6.896,0.3143196341250727
6.9,-0.2615875051737661
6.904,0.21845025436930152
6.908,-0.1767183781960796
6.912,0.08374520250780304
6.916,-0.07059312658729788
6.92,-0.043594770858673144
6.924,0.062109236281569107
6.928,-0.15480556747220223
6.932,0.20029565372921143
6.936,-0.24832199427135201
6.94,0.32006977992935065
6.944,-0.295970385431687
6.948,0.37508824356631615
6.952,-0.30312973603502946
6.956,0.2961343579657626
6.96,-0.23442276624862282
6.964,0.15558424189637257
6.968,-0.11433369543737275
6.972,0.0030190256138141686
6.976,0.04111017421829612
6.98,-0.14820477668682513
6.984,0.20855976286914485
6.988,-0.2397633840100623
6.992,0.2887474889601302
6.996,-0.26455959341216323
7.0,0.3225140833870061
7.004,-0.27398635493672
7.008,0.28561709106756317
7.012,-0.22356536176085195
7.016,0.15933195612411835
7.02,-0.11464561043210508
7.024,0.0034481940621398648
7.028,0.025744084857227987
7.032,-0.1275491881352578
7.036,0.2009196109564485
7.04,-0.24787299626142492
7.044,0.3354919952889822
7.048,-0.3023793753727236
7.052,0.2987254725011156
7.056,-0.2316542366789755
7.06,0.1293312998296644
7.064,-0.05523778239029991
7.068,-0.10813509638683885
7.072,0.1592186599591295
7.076,-0.2655393794059859
7.08,0.32826858996384606
7.084,-0.3164943146958089
7.088,0.35256580733766585
7.092,-0.29461272399319227
7.096,0.2394608163869058
7.1,-0.18181854814337678
7.104,0.048279847276199564
7.108,0.008876746291463471
7.112,-0.15112451286037254
7.116,0.21990530291087781
7.12,-0.234805532447288
7.124,0.3241250607049823
7.128,-0.2927772505338254
7.132,0.31232422723259856
7.136,-0.2612129504959141
7.14,0.1720047645321335
7.144,-0.15105695361651528
7.148,0.007672948907397757
7.152,0.015834307454588886
7.156,-0.1389134676904009
7.16,0.1988399612075274
7.164,-0.23078378969944222
7.168,0.32208669038273585
7.172,-0.26819544206297746
7.176,0.34378012257962104
7.18,-0.2613729721618954
7.184,0.2656976889282883
7.188,-0.22098023340506337
7.192,0.12569446603527826
7.196,-0.12331136458653112
7.2,0.010600341213346976
7.204,-0.042767512650358164
7.208,-0.07178838082285227
7.212,0.07706122814505742
7.216,-0.14671570662191152
7.22,0.2092900220359329
7.224,-0.20892159194004306
7.228,0.2766816967036246
7.232,-0.21777123563553377
7.236,0.29608288638403346
7.24,-0.2075647713817015
7.244,0.26872823262108086
7.248,-0.19958078596537826
7.252,0.24032026681831492
7.256,-0.20071660794101193
7.26,0.2026640879993466
7.264,-0.19100384011576482
7.268,0.1254582891752863
7.272,-0.15423171584476014
7.276,0.05809135584160137
7.28,-0.11419371952129022
7.284,-0.022312607516032555
7.288,-0.024908515436301962
7.292,-0.09006943684557482
7.296,0.0620580977627101
7.3,-0.12240451984017937
7.304,0.13581539706259158
7.308,-0.14421864770835663
7.312,0.19945132094049298
7.316,-0.1504780573558604
7.32,0.22989226026098622
7.324,-0.14405368317388004
7.328,0.2621794987800312
7.332,-0.1310057150563746
7.336,0.2587530554149149
7.34,-0.13724507338213363
7.344,0.23783662113138251
7.348,-0.11658690820476297
7.352,0.22675161623239673
7.356,-0.11971522912598807
7.36,0.21266213382414534
7.364,-0.11405554272480044
7.368,0.21038425583342116
7.372,-0.11578791439111172
7.376,0.20736204324999602
7.38,-0.12003059901584762
7.384,0.2030081250271675
7.388,-0.12072490273995792
7.392,0.1928281309289952
7.396,-0.11370173156576856
7.4,0.18697426745594775
7.404,-0.1111930956823421
7.408,0.1833046952250789
7.412,-0.10543470094426952
7.416,0.1780098389403101
7.42,-0.10147952123765694
7.424,0.16988859016735758
7.428,-0.10290614653068351
7.432,0.17113408214885548
7.436,-0.09659154395272235
7.44,0.1828211293435748
7.444,-0.08920153988325479
7.448,0.1711678782928334
7.452,-0.08593389196188737
7.456,0.1740326135356152
7.46,-0.08400201629712895
7.464,0.16511584786948583
7.468,-0.10670472000502704
7.472,0.16633282445300668
7.476,-0.11332036040436576
7.48,0.19887078784542722
7.484,-0.05407578304915604
7.488,0.2318419077529751
7.492,0.03445401558320994
7.496,0.19466277067028334
7.5,0.08379721791834534
7.504,0.08280156159679135
7.508,0.07923945515070469
7.512,-0.08567549443562564
7.516,0.034693868754691944
7.52,-0.24137183418424757
7.524,-0.0035455474211017507
7.528,-0.27541813854559927
7.532,0.023775945111310277
7.536,-0.16375698630122426
7.54,0.1397160169574524
7.544,-0.008297227053719634
7.548,0.22134705724646053
7.552,0.10695370669782765
7.556,0.2281286983160544
7.56,0.10580567373281186
7.564,0.15020344606177488
7.568,0.027386456799415575
7.572,0.006567824162733762
7.576,-0.11744823943814207
7.58,-0.07951944402641367
7.584,-0.2344969782410938
7.588,-0.09259034928730393
7.592,-0.25302481106734426
7.596,-0.01306931568185708
7.6,-0.14546030835390758
7.604,0.12115989079559489
7.608,0.041525445621835744
7.612,0.2212441033391281
7.616,0.18966508422023634
7.62,0.17725104976623984
7.624,0.17948433148710052
7.628,0.005047448804072979
7.632,0.0847787118732361
7.636,-0.21033379905291658
7.64,0.001638330120540928
7.644,-0.31533382933729337
7.648,-0.023255921428803023
7.652,-0.26642984332698083
7.656,0.07149433144073489
7.66,-0.06519524509975386
7.664,0.17419470863814798
7.668,0.12718097258846825
7.672,0.18484558771618811
7.676,0.16939766129409514
7.68,0.023080103963551146
7.684,0.09074984609980535
7.688,-0.18903714904213498
7.692,0.01265196792058153
7.696,-0.30623081734282775
7.7,-0.008625323338253816
7.704,-0.21734136390005476
7.708,0.09017496718737464
7.712,0.00787557497992164
7.716,0.17460954745290716
7.72,0.15572658340439943
7.724,0.08828386379898259
7.728,0.1369018801307011
7.732,-0.13383129756239046
7.736,0.038157641366211824
7.74,-0.29526770793511975
7.744,-0.011874208561177215
7.748,-0.2422045969457339
7.752,0.06283587880498732
7.756,-0.021812274630646736
7.76,0.145234366598441
7.764,0.15645676555462965
7.768,0.09178012744761076
7.772,0.14539189146022088
7.776,-0.12961976746789275
7.78,0.044112210381904216
7.784,-0.292350030210542
7.788,-0.01840733363030758
7.792,-0.2461918262839223
7.796,0.047174240499470756
7.8,0.00958522045663415
7.804,0.12548480312553423
7.808,0.18963074630000762
7.812,0.015836538556035215
7.816,0.12777816351653126
7.82,-0.24164959454269447
7.824,0.011362644368265746
7.828,-0.24817446402710047
7.832,0.05382248025270956
7.836,0.02890587626793567
7.84,0.1037893927556996
7.844,0.19044751667785795
7.848,-0.041841296098159834
7.852,0.09712875333065403
7.856,-0.2574738910739087
7.86,-0.017104656839490757
7.864,-0.16283013297934615
7.868,0.05834191860936225
7.872,0.1253021147510718
7.876,0.04563223940340671
7.88,0.18434130969299983
7.884,-0.14009265445050018
7.888,0.0529202261049257
7.892,-0.24339208661045883
7.896,-0.0024186019786740873
7.9,-0.08117146537138634
7.904,0.07834883737835609
7.908,0.1740040346916299
7.912,0.031601149374965
7.916,0.15371376972569242
7.92,-0.1713586849804268
7.924,-0.009464891114378343
7.928,-0.20957698095599714
7.932,0.0012449842590308055
7.936,0.042774369551284656
7.94,0.06831182367270085
7.944,0.1826296714552011
7.948,-0.06506990393545038
7.952,0.07379260609728368
7.956,-0.22557992743577415
7.96,-0.0007078527048979982
7.964,-0.061522183893874864
7.968,0.0497419542521853
7.972,0.18098614607890248
7.976,-0.04465182192416818
7.98,0.12010696158227979
7.984,-0.19928749915796246
7.988,0.023708219542874043
7.992,-0.10899647695573188
7.996,0.04384617352484532
8.0,0.09905840399835704
8.004,-0.01895922423461145
8.008,0.08178454533303091
8.012,-0.15829316103843583
8.016,0.054040489905962816
8.02,-0.04487474472907563
8.024,0.024710286757017773
8.028,0.004407004463878381
8.032,-0.00511096375968335
8.036,0.0018892027774084002
