dominant_frequency_hz,snore_index
77.83854166666666,0.28686240315437317
249.3683845766129,0.004883511457592249
465.1171875,0.0031383023597300053
103.86603860294117,0.2572510838508606
248.20520525147927,0.00254589831456542
64.77187500000001,0.2683272361755371
247.2845262096774,0.004064129665493965
226.0986328125,0.009457227773964405
99.25781249999999,0.37385091185569763
110.7421875,0.034666262567043304
440.015625,0.002780643291771412
447.890625,0.005024850834161043
258.3984375,0.15970046818256378
67.92587652439025,0.2979181408882141
478.63676819620247,0.002725179074332118
73.34747314453125,0.31928345561027527
462.03694122516555,0.004334928002208471
122.24264705882355,0.5702850222587585
266.06514084507046,0.5235788822174072
265.625,0.5818926692008972
123.26388888888889,0.5149838328361511
263.8608870967742,0.5075564980506897
256.1619718309859,0.48568442463874817
123.2358870967742,0.49819454550743103
93.75,0.5878328084945679
56.25,0.2658572196960449
46.875,0.05633101239800453
70.3125,0.34824565052986145
270.22058823529414,0.4683615267276764
123.8339552238806,0.5528765320777893
37.5,0.22138968110084534
70.3125,0.12717680633068085
46.875,0.09403017908334732
229.16666666666666,0.5239297151565552
31.25,0.09986855834722519
35.15625,0.05388640984892845
31.25,0.04480908438563347
20.089285714285715,0.10034697502851486
46.875,0.17105428874492645
46.875,0.01942615397274494
254.150390625,0.5498874187469482
35.15625,0.053834009915590286
267.1232876712329,0.516426682472229
70.3125,0.13543710112571716
46.875,0.3386532962322235
31.25,0.05757834389805794
99.89754098360658,0.7333750128746033
46.875,0.22470025718212128
35.15625,0.2252277433872223
35.15625,0.12579330801963806
35.15625,0.074006088078022
39.0625,0.06760913878679276
230.01453488372093,0.45443427562713623
33.203125,0.05246809124946594
42.33870967741936,0.0529230572283268
37.5,0.06936030834913254
140.625,0.006629132200032473
109.375,0.014803968369960785
114.2578125,0.005407171323895454
109.375,0.7547045350074768
140.625,0.003090508049353957
115.38461538461539,0.23040471971035004
117.1875,0.005229483358561993
148.02631578947367,0.29011988639831543
180.80357142857144,0.1494501233100891
322.265625,0.023705318570137024
187.5,0.007255747448652983
118.99038461538461,0.11108486354351044
315.8967391304348,0.006948877591639757
86.53846153846155,0.08774375170469284
111.01973684210526,0.008821951225399971
104.4921875,0.0020436719059944153
98.14453125,0.004302877467125654
105.0,0.0011073831701651216
119.79166666666666,0.017492780461907387
99.15865384615385,0.002702013123780489
111.01973684210526,0.0012001466238871217
131.25,0.00033891384373418987
124.39903846153847,0.002013443736359477
221.59090909090912,0.0002790410944726318
88.125,0.002806959208101034
207.58928571428572,0.001203272258862853
487.5,0.053375840187072754
431.25,0.001422878704033792
480.46875,0.051028650254011154
496.875,0.1001867726445198
468.75,0.16143058240413666
98.59913793103448,0.04460432752966881
351.5625,4.007927418570034e-05
153.60576923076923,0.044283490628004074
468.75000000000006,6.142363417893648e-05
127.44140625,0.033085182309150696
440.406976744186,1.6245681763393804e-05
457.03125,0.043365076184272766
63.03879310344827,0.06424810737371445
470.36637931034477,3.70350680896081e-05
494.79166666666663,0.03546641394495964
487.79296875,7.294290844583884e-05
65.89673913043478,0.18670928478240967
49.63235294117648,1.3032527022005524e-05
66.58380681818183,0.2842406928539276
43.75,0.00019170332234352827
93.75,0.171291321516037
50.925925925925924,0.28112170100212097
80.9659090909091,0.00028860586462542415
210.9375,0.1066589280962944
58.75,0.30298033356666565
433.59375,0.00038580011459998786
61.591569767441854,0.22837316989898682
32.8125,0.00027624121867120266
55.911144578313255,0.15993253886699677
55.50986842105263,0.0005982551374472678
65.89673913043478,0.18670928478240967
49.63235294117648,1.3032527022005524e-05
66.58380681818183,0.2842406928539276
43.75,0.00019170332234352827
93.75,0.171291321516037
50.925925925925924,0.28112170100212097
80.9659090909091,0.00028860586462542415
210.9375,0.1066589280962944
58.75,0.30298033356666565
433.59375,0.00038580011459998786
61.591569767441854,0.22837316989898682
32.8125,0.00027624121867120266
55.911144578313255,0.15993253886699677
55.50986842105263,0.0005982551374472678
32.274590163934434,0.34934306144714355
42.1875,0.1494656354188919
31.6722972972973,0.2149582952260971
33.48214285714286,0.08587439358234406
34.72222222222222,0.13518649339675903
44.0625,0.15830527245998383
37.08022388059702,0.07072894275188446
41.46634615384615,0.08564619719982147
46.875,0.029571499675512314
46.875,0.006336634512990713
33.943965517241374,0.17082729935646057
42.96875,0.013870452530682087
36.16071428571429,0.212050661444664
59.375,0.20938453078269958
58.59375,0.04578879848122597
34.53947368421053,0.22566671669483185
32.8125,0.056028444319963455
74.09274193548387,0.37401795387268066
70.3125,0.14880163967609406
39.95901639344263,0.24445924162864685
56.25,0.13505791127681732
75.72115384615385,0.24946008622646332
35.300925925925924,0.17767596244812012
36.05769230769231,0.13559693098068237
51.5625,0.23572435975074768
70.3125,0.17246675491333008
62.5,0.0201747864484787
37.109375,0.22934654355049133
67.5,0.5138291120529175
38.602941176470594,0.20475125312805176
405.1339285714286,0.006274315994232893
321.20901639344265,0.003313550027087331
482.9545454545455,0.016872843727469444
375.0,0.010127006098628044
492.1875,0.009488388895988464
495.53571428571433,0.0019050744595006108
468.75,0.0005572927184402943
406.25,0.002005039481446147
312.5,0.04311249777674675
359.375,0.005608608480542898
337.5,0.0019038351019844413
375.0,0.0009415373206138611
275.7352941176471,0.019115466624498367
425.4807692307692,0.012154830619692802
496.875,0.012035396881401539
468.75,0.0027556496206671
492.1875,0.008059090003371239
421.875,0.003092279424890876
140.625,0.016700120642781258
107.53676470588238,0.8823742866516113
109.6875,0.8935790657997131
138.28125,0.7592946887016296
144.32565789473685,0.6758555173873901
140.625,0.6804603934288025
106.81352459016395,0.5897073149681091
85.16725352112677,0.48406869173049927
83.77659574468086,0.6373111605644226
85.79009433962264,0.7295430302619934
84.73557692307692,0.8450292944908142
106.08552631578948,0.7846915125846863
83.8468309859155,0.8833838105201721
107.14285714285715,0.8145925998687744
106.93359375,0.7797741293907166
81.83262711864407,0.7612680792808533
109.375,0.8485946655273438
107.8125,0.7693383693695068
65.78947368421053,0.06966730952262878
58.59375,0.07226850092411041
67.70833333333334,0.11081552505493164
31.25,0.10410966724157333
133.92857142857144,0.404602587223053
112.5,0.6012741923332214
31.25,0.18402104079723358
58.59375,0.14950145781040192
23.4375,0.13519378006458282
28.125,0.21167270839214325
66.96428571428572,0.32943594455718994
46.875,0.14565692842006683
62.5,0.18288888037204742
46.875,0.10367928445339203
161.5149456521739,0.3680214285850525
62.5,0.2612572908401489
46.875,0.21216246485710144
31.25,0.15201497077941895
38.352272727272734,0.1971358358860016
31.25,0.26687654852867126
67.3076923076923,0.20774203538894653
101.5625,0.6430944800376892
46.875,0.24148790538311005
46.875,0.14114296436309814
23.4375,0.12690363824367523
62.5,0.10351095348596573
46.875,0.17714498937129974
46.875,0.11001929640769958
23.4375,0.07155827432870865
136.40625,0.48758795857429504
93.75,0.35881951451301575
62.5,0.17328612506389618
62.5,0.08992573618888855
73.3173076923077,0.22025971114635468
46.875,0.15650208294391632
69.19642857142857,0.25227439403533936
46.875,0.049091044813394547
182.73305084745763,0.4910911023616791
46.875,0.2332017719745636
78.125,0.14303898811340332
58.59375,0.12877821922302246
53.57142857142857,0.2316778153181076
46.875,0.14409498870372772
54.6875,0.18463146686553955
70.3125,0.2415156066417694
187.5,0.35051995515823364
215.625,0.3173569142818451
403.125,0.2688491940498352
46.875,0.22831009328365326
46.875,0.14941491186618805
78.125,0.16328324377536774
23.4375,0.04743145406246185
62.5,0.0874762311577797
59.375,0.1635349690914154
65.625,0.18887263536453247
46.875,0.17427097260951996
46.875,0.14800482988357544
53.26704545454546,0.16136406362056732
31.25,0.12108595669269562
161.30514705882356,0.45145246386528015
62.5,0.08942689746618271
23.4375,0.2991097569465637
62.5,0.10180884599685669
78.125,0.18525688350200653
46.875,0.26538053154945374
35.15625,0.15403185784816742
140.625,0.415056973695755
46.875,0.0810166522860527
62.5,0.06956225633621216
46.875,0.09671372920274734
23.4375,0.23851150274276733
23.4375,0.16782020032405853
480.46875,0.22807614505290985
62.5,0.17337651550769806
46.875,0.16455422341823578
46.875,0.15172439813613892
70.3125,0.15771566331386566
46.875,0.18188346922397614
62.5,0.19726315140724182
78.125,0.19071629643440247
23.4375,0.11139129847288132
23.4375,0.20343588292598724
46.875,0.10213746130466461
31.25,0.29266440868377686
155.51470588235296,0.5249631404876709
31.25,0.1182774156332016
31.25,0.2352849543094635
46.875,0.3049210011959076
31.25,0.17391039431095123
70.3125,0.17806054651737213
46.875,0.09823542088270187
31.25,0.05752172693610191
70.3125,0.12958410382270813
93.75,0.3978992998600006
31.25,0.3225209712982178
162.9022277227723,0.6720671057701111
62.5,0.1568029671907425
46.875,0.09146472066640854
23.4375,0.11712557077407837
23.4375,0.13118290901184082
46.875,0.13596469163894653
23.4375,0.10025480389595032
35.15625,0.29598698019981384
62.5,0.24379968643188477
133.49184782608697,0.4578447639942169
31.25,0.17061488330364227
62.5,0.15493479371070862
46.875,0.11263672262430191
65.625,0.2673860788345337
62.5,0.08951686322689056
78.125,0.11992818862199783
46.875,0.27092811465263367
35.15625,0.4222590923309326
58.59375,0.22434744238853455
152.73876404494382,0.43076977133750916
46.875,0.20126976072788239
31.25,0.20497487485408783
23.4375,0.1650543063879013
62.5,0.19224904477596283
93.75,0.3915593922138214
46.875,0.08523702621459961
31.25,0.23233811557292938
46.875,0.19952990114688873
23.4375,0.21423809230327606
114.91935483870968,0.4014124870300293
46.875,0.1348046064376831
35.15625,0.18219053745269775
78.125,0.18754494190216064
62.5,0.10400252044200897
46.875,0.1308613270521164
31.25,0.09979625791311264
46.875,0.16947223246097565
62.5,0.23191168904304504
105.46875,0.6732702255249023
141.1764705882353,0.5129855871200562
23.4375,0.06920984387397766
46.875,0.2049540877342224
46.875,0.07902104407548904
62.5,0.10095153748989105
46.875,0.10131486505270004
46.875,0.14074426889419556
46.875,0.19305647909641266
126.42045454545453,0.3887120187282562
70.3125,0.15623930096626282
46.875,0.2031412124633789
46.875,0.06897155940532684
46.875,0.17033344507217407
31.25,0.1297183781862259
46.875,0.19969823956489563
62.5,0.25777846574783325
46.875,0.19090409576892853
69.61633663366337,0.2836803197860718
93.75,0.43287110328674316
23.4375,0.095333531498909
46.875,0.24765101075172424
31.25,0.1920429766178131
46.875,0.07806812971830368
46.875,0.2325112223625183
31.25,0.19790910184383392
31.25,0.20963908731937408
46.875,0.2077883780002594
140.11548913043478,0.454690158367157
31.25,0.19796457886695862
46.875,0.23004204034805298
62.5,0.18763433396816254
31.25,0.15439827740192413
46.875,0.17146199941635132
46.875,0.2973237633705139
31.25,0.2187068611383438
46.875,0.26383349299430847
152.22772277227725,0.38073480129241943
46.875,0.1746988594532013
31.25,0.19367514550685883
23.4375,0.3094392418861389
23.4375,0.18054333329200745
46.875,0.12160439789295197
46.875,0.2774859368801117
62.5,0.20972636342048645
46.875,0.23432928323745728
78.125,0.37757033109664917
152.85326086956522,0.45342129468917847
62.5,0.2502950131893158
62.5,0.23275423049926758
46.875,0.11247536540031433
62.5,0.1763402819633484
62.5,0.20601171255111694
46.875,0.08953811228275299
31.25,0.20915767550468445
31.25,0.15164078772068024
23.4375,0.26019763946533203
71.71875,0.2516433298587799
31.25,0.22011859714984894
31.25,0.09185673296451569
46.875,0.32679739594459534
31.25,0.21099703013896942
62.5,0.21560561656951904
31.25,0.1644652783870697
62.5,0.23951250314712524
46.875,0.2858959436416626
70.54004854368932,0.28148534893989563
46.875,0.10781726986169815
62.5,0.3489774465560913
31.25,0.23502185940742493
23.4375,0.11760197579860687
31.25,0.17741869390010834
93.75,0.36744070053100586
93.75,0.3869132697582245
46.875,0.27113690972328186
46.875,0.25109192728996277
75.0,0.18237142264842987
68.67732558139535,0.31080588698387146
125.0,0.39625483751296997
109.375,0.4021630585193634
78.125,0.24247612059116364
46.875,0.22197376191616058
31.25,0.17190968990325928
46.875,0.1195480152964592
46.875,0.1604038029909134
46.875,0.3505779206752777
68.47826086956522,0.30229589343070984
46.875,0.17439351975917816
46.875,0.1570371836423874
46.875,0.32046473026275635
46.875,0.06974963843822479
31.25,0.1434742659330368
31.25,0.22890238463878632
78.125,0.2779916822910309
93.75,0.4234354794025421
67.23484848484848,0.34608885645866394
46.875,0.12353730201721191
62.5,0.26606321334838867
31.25,0.1405140459537506
93.75,0.33213546872138977
31.25,0.11732245236635208
46.875,0.1811550110578537
23.4375,0.09790003299713135
58.59375,0.2671447992324829
67.55514705882354,0.30110299587249756
62.5,0.09542743116617203
31.25,0.13296079635620117
31.25,0.33087366819381714
58.59375,0.19955870509147644
31.25,0.2929210364818573
73.66071428571429,0.309702605009079
72.91666666666667,0.27201324701309204
23.4375,0.1612980216741562
78.125,0.1901100128889084
46.875,0.23558780550956726
31.25,0.3407214879989624
62.5,0.21534724533557892
62.5,0.20447155833244324
66.40625,0.2045390009880066
46.875,0.27033674716949463
70.3125,0.24446389079093933
31.25,0.12497998774051666
161.71875,0.7259462475776672
46.875,0.27138739824295044
46.875,0.1661386340856552
78.125,0.360741525888443
46.875,0.29850390553474426
46.875,0.22302554547786713
31.25,0.21317632496356964
31.25,0.0869145616889
64.14473684210526,0.3025006651878357
122.54464285714288,0.5238064527511597
46.875,0.20172461867332458
46.875,0.21861709654331207
71.77734375,0.23963572084903717
93.75,0.37503811717033386
31.25,0.3010071814060211
125.0,0.6723876595497131
23.4375,0.14584432542324066
46.875,0.2424686700105667
70.3125,0.3854467570781708
46.875,0.2235701084136963
68.50961538461539,0.29893389344215393
112.39919354838709,0.46774497628211975
31.25,0.15329548716545105
23.4375,0.32274118065834045
66.96428571428572,0.18968981504440308
93.75,0.3038659989833832
62.5,0.1816008985042572
93.75,0.3841390311717987
93.75,0.4018509089946747
31.25,0.41237956285476685
112.69946808510639,0.4330459535121918
46.875,0.309210866689682
62.5,0.21354670822620392
66.40625,0.37006235122680664
46.875,0.41990989446640015
31.25,0.3175487518310547
23.4375,0.10168834775686264
46.875,0.23005031049251556
23.4375,0.27663812041282654
102.63157894736844,0.40247225761413574
23.4375,0.17626811563968658
46.875,0.2594975233078003
62.5,0.08602547645568848
480.46875,0.28069114685058594
31.25,0.22403311729431152
31.25,0.2654581367969513
31.25,0.24312959611415863
73.66071428571429,0.32029402256011963
93.75,0.5340161323547363
159.12828947368422,0.6518809199333191
46.875,0.27679339051246643
31.25,0.2634081244468689
31.25,0.19551031291484833
58.59375,0.16868755221366882
31.25,0.19242511689662933
31.25,0.1393781453371048
109.375,0.5611678957939148
72.44318181818183,0.19060851633548737
78.125,0.13541820645332336
46.875,0.3086157441139221
46.875,0.3628590703010559
23.4375,0.24127134680747986
56.25000000000001,0.057078562676906586
46.875,0.22125717997550964
23.4375,0.18070906400680542
76.5625,0.23984678089618683
46.875,0.10138770192861557
62.5,0.12813016772270203
46.875,0.08683878928422928
23.4375,0.0810011699795723
46.875,0.09483998268842697
46.875,0.20652244985103607
62.5,0.26646143198013306
62.5,0.09872487932443619
58.59375,0.11588571220636368
78.125,0.13796043395996094
78.125,0.30510851740837097
31.25,0.1552952080965042
23.4375,0.20303398370742798
23.4375,0.0755603015422821
62.5,0.17196470499038696
100.88315217391305,0.44732749462127686
62.5,0.1912657916545868
31.25,0.17190571129322052
70.3125,0.19545793533325195
62.5,0.2630254626274109
62.5,0.26693397760391235
46.875,0.1776643842458725
35.15625,0.3888295590877533
62.5,0.1940169781446457
46.875,0.27645742893218994
67.70833333333333,0.2070917785167694
123.2358870967742,0.6131054162979126
23.4375,0.3869650661945343
46.875,0.2818288505077362
46.875,0.26271647214889526
63.92045454545455,0.40593764185905457
46.875,0.07115644961595535
78.125,0.29629817605018616
46.875,0.3263911306858063
46.875,0.23164939880371094
46.875,0.04533149674534798
118.25284090909092,0.5181096196174622
46.875,0.2164420336484909
46.875,0.2980385422706604
46.875,0.14249852299690247
62.5,0.16709303855895996
70.3125,0.21715505421161652
31.25,0.1344691812992096
23.4375,0.27681225538253784
46.875,0.2613256573677063
31.25,0.10696195065975189
70.3125,0.24511340260505676
31.25,0.23053136467933655
140.625,0.683255136013031
31.25,0.24158819019794464
31.25,0.42600375413894653
31.25,0.12034150213003159
70.3125,0.3492352366447449
23.4375,0.05890835076570511
31.25,0.1547672152519226
46.875,0.08248982578516006
31.25,0.08167709410190582
53.57142857142858,0.2445722073316574
97.0203488372093,0.4605639576911926
46.875,0.17559941112995148
31.25,0.1428593546152115
46.875,0.25087234377861023
23.4375,0.31423643231391907
42.96875,0.24656400084495544
46.875,0.3479132056236267
62.5,0.3478311002254486
31.25,0.14647136628627777
70.3125,0.3673015236854553
103.56104651162791,0.5462183356285095
31.25,0.19080035388469696
46.875,0.14456167817115784
62.5,0.1991143822669983
46.875,0.21906055510044098
93.75,0.3696841299533844
62.5,0.21087753772735596
62.5,0.12406829744577408
46.875,0.15357744693756104
136.54891304347825,0.4835827648639679
23.4375,0.13384732604026794
35.15625,0.38381102681159973
78.125,0.4563736319541931
31.25,0.1759691685438156
93.75,0.4315190613269806
46.875,0.1622590869665146
46.875,0.30791759490966797
46.875,0.19463443756103516
139.62765957446808,0.4790803790092468
46.875,0.16222696006298065
46.875,0.14525917172431946
46.875,0.16306942701339722
46.875,0.1677282154560089
31.25,0.1605806201696396
23.4375,0.127688467502594
93.75,0.35355672240257263
23.4375,0.2906947731971741
46.875,0.26597723364830017
137.86764705882354,0.49974220991134644
35.15625,0.21435754001140594
46.875,0.14707878232002258
46.875,0.13345512747764587
78.125,0.3986031413078308
46.875,0.16885261237621307
46.875,0.3170156478881836
62.5,0.1294105052947998
46.875,0.19352740049362183
31.25,0.36545801162719727
140.16089108910893,0.455140084028244
31.25,0.16338098049163818
46.875,0.31692302227020264
23.4375,0.09877052903175354
93.75,0.44887566566467285
23.4375,0.3844301700592041
78.125,0.3853444755077362
31.25,0.26410382986068726
62.5,0.2414931356906891
93.75,0.3904568552970886
155.15625,0.4845026135444641
46.875,0.355473130941391
70.3125,0.24433790147304535
62.5,0.220922589302063
31.25,0.17800958454608917
23.4375,0.09735728055238724
31.25,0.1341136246919632
46.875,0.11675204336643219
46.875,0.1226457953453064
158.13873626373623,0.5845702886581421
93.75,0.5114386677742004
35.15625,0.153831347823143
23.4375,0.09413120150566101
46.875,0.2592983841896057
46.875,0.24086841940879822
46.875,0.19538606703281403
46.875,0.22227422893047333
62.5,0.13322678208351135
46.875,0.29545068740844727
167.84274193548387,0.5385496616363525
31.25,0.1944820135831833
62.5,0.11346211284399033
31.25,0.06236693263053894
70.3125,0.33404862880706787
62.5,0.1462615430355072
31.25,0.17834798991680145
35.15625,0.19121012091636658
78.125,0.13293907046318054
23.4375,0.21859915554523468
68.27445652173913,0.35427728295326233
31.25,0.11707058548927307
78.125,0.1940964311361313
23.4375,0.10527418553829193
46.875,0.23266832530498505
62.5,0.4079447388648987
46.875,0.15238866209983826
93.75,0.420427531003952
31.25,0.1491665095090866
68.78396739130434,0.33300551772117615
62.5,0.23640048503875732
46.875,0.21831214427947998
46.875,0.24584753811359406
31.25,0.33489990234375
46.875,0.11075962334871292
46.875,0.13449299335479736
46.875,0.08132943511009216
46.875,0.1265011578798294
62.5,0.22060589492321014
126.07758620689657,0.42747223377227783
46.875,0.13626240193843842
46.875,0.10149021446704865
46.875,0.28634247183799744
31.25,0.1357167661190033
31.25,0.11390471458435059
62.5,0.11874614655971527
31.25,0.22471414506435394
31.25,0.12986494600772858
23.4375,0.4552803337574005
105.06465517241381,0.4858716130256653
46.875,0.20397444069385529
62.5,0.16473239660263062
35.15625,0.21865689754486084
31.25,0.18834169209003448
46.875,0.1650657057762146
62.5,0.349101722240448
23.4375,0.13971883058547974
135.98901098901098,0.42198652029037476
62.5,0.13529688119888306
46.875,0.16810967028141022
62.5,0.21244552731513977
31.25,0.16868503391742706
31.25,0.228109672665596
46.875,0.23897573351860046
46.875,0.3050062656402588
31.25,0.1837274134159088
70.06578947368422,0.41561415791511536
62.5,0.08326741307973862
93.75,0.5041473507881165
58.59375,0.16145728528499603
46.875,0.20591281354427338
31.25,0.24126341938972473
46.875,0.2712150812149048
46.875,0.26366564631462097
62.5,0.1681029051542282
130.51470588235296,0.40989965200424194
46.875,0.31077292561531067
46.875,0.30034881830215454
31.25,0.1370752602815628
31.25,0.17412839829921722
31.25,0.09815990179777145
46.875,0.15400400757789612
31.25,0.09470463544130325
58.59375,0.16425828635692596
23.4375,0.21172860264778137
131.25000000000003,0.38975074887275696
46.875,0.3074614703655243
46.875,0.20670266449451447
78.125,0.25106751918792725
31.25,0.10268145054578781
46.875,0.1508103907108307
62.5,0.3026916980743408
31.25,0.3578720688819885
46.875,0.12108401954174042
31.25,0.13216818869113922
178.125,0.3960391879081726
128.23275862068968,0.3774956464767456
46.875,0.27201375365257263
46.875,0.36154043674468994
23.4375,0.06984966993331909
31.25,0.18425290286540985
35.15625,0.23783358931541443
46.875,0.26211604475975037
62.5,0.2532101273536682
62.5,0.15565110743045807
154.532967032967,0.4037540853023529
62.5,0.26868197321891785
46.875,0.2081145942211151
62.5,0.23052603006362915
46.875,0.08829618990421295
46.875,0.16307879984378815
46.875,0.3748478889465332
93.75,0.539472758769989
23.4375,0.2173660844564438
152.07122093023256,0.3930967450141907
46.875,0.1967436671257019
46.875,0.16901253163814545
62.5,0.1714857816696167
62.5,0.15334980189800262
35.15625,0.14042800664901733
46.875,0.18631048500537872
46.875,0.22474807500839233
78.125,0.26837030053138733
135.52989130434784,0.39169245958328247
31.25,0.26369068026542664
109.375,0.31660494208335876
46.875,0.14790259301662445
46.875,0.2277640402317047
93.75,0.32834574580192566
31.25,0.15392610430717468
93.75,0.39498233795166016
23.4375,0.19482994079589844
140.13671875,0.431708961725235
31.25,0.41371485590934753
78.125,0.20633403956890106
62.5,0.21634985506534576
35.15625,0.2117592841386795
46.875,0.098807193338871
31.25,0.17515446245670319
46.875,0.13533830642700195
103.125,0.32238703966140747
129.1920731707317,0.454637736082077
62.5,0.2065872848033905
31.25,0.18127693235874176
46.875,0.13947223126888275
31.25,0.08379606157541275
62.5,0.11041546612977982
23.4375,0.22732816636562347
62.5,0.32485270500183105
78.125,0.34077170491218567
144.19157608695653,0.5627054572105408
31.25,0.24530720710754395
31.25,0.1897144764661789
58.59375,0.21770618855953217
78.125,0.2623482346534729
62.5,0.11922641843557358
31.25,0.22530002892017365
62.5,0.13132765889167786
105.46875,0.7730316519737244
140.625,0.4597497582435608
21.306818181818183,0.005452294368296862
23.4375,0.08963948488235474
93.75,0.4587603509426117
180.80357142857144,0.7481483221054077
175.78125,0.7906607985496521
171.875,0.7584194540977478
93.75,0.7699941396713257
31.25,0.08142092823982239
92.09070796460178,0.7086327075958252
37.5,0.3381488621234894
96.23893805309734,0.8843764662742615
96.23893805309734,0.724847137928009
88.8671875,0.6964113116264343
95.45454545454545,0.7269390821456909
46.875,0.15598346292972565
46.875,0.28642475605010986
37.5,0.0582733117043972
338.5416666666667,0.648315966129303
305.38366336633663,0.5182715654373169
87.05357142857144,0.6756237149238586
97.93526785714286,0.8138535022735596
23.4375,0.09805811941623688
28.125,0.10871816426515579
87.39406779661017,0.6918961405754089
96.28378378378379,0.8755511045455933
104.34782608695653,0.673640251159668
37.5,0.06426418572664261
99.0,0.8576540946960449
31.25,0.21693886816501617
94.67821782178218,0.9355276823043823
20.089285714285715,0.05718524754047394
34.09090909090909,0.07734882831573486
23.4375,0.1270463913679123
31.25,0.13097670674324036
96.40330188679245,0.91664719581604
97.5,0.9210939407348633
100.50675675675676,0.8105960488319397
93.75,0.9607822895050049
26.78571428571429,0.3014400005340576
97.35576923076923,0.6399626731872559
92.74193548387096,0.7836959958076477
301.27427184466023,0.6282029747962952
103.97727272727273,0.6398082375526428
31.25,0.08447007089853287
31.25,0.10863025486469269
105.57432432432432,0.640921950340271
92.8125,0.6166827082633972
31.25,0.11984332650899887
96.40330188679245,0.6885852217674255
31.25,0.06827737390995026
97.62396694214877,0.7202389240264893
37.5,0.2680245637893677
93.75,0.6123477816581726
46.875,0.24856846034526825
106.41891891891892,0.66357421875
46.875,0.059380948543548584
31.25,0.15412530303001404
46.875,0.5002943873405457
35.15625,0.06585502624511719
206.25,0.5848023295402527
93.75,0.9138357043266296
28.846153846153847,0.037932123988866806
46.875,0.1525934785604477
46.875,0.14426816999912262
23.4375,0.04862631857395172
23.4375,0.08331385999917984
28.846153846153847,0.048060234636068344
93.75,0.8500266075134277
234.86842105263162,0.6482881903648376
336.53846153846155,0.58603835105896
93.75,0.9260833859443665
46.875,0.1615215688943863
97.22222222222223,0.8428893685340881
23.4375,0.10132826119661331
23.4375,0.054636333137750626
53.57142857142858,0.1702258288860321
93.75,0.830237090587616
91.14583333333334,0.7179886102676392
100.66598360655739,0.7676348090171814
101.02370689655172,0.706342875957489
23.4375,0.0392741784453392
96.82377049180329,0.9039380550384521
36.05769230769231,0.06768978387117386
46.875,0.23602929711341858
94.58705357142858,0.7910347580909729
31.25,0.028337685391306877
23.4375,0.06197352707386017
101.5625,0.6610251665115356
95.55288461538461,0.8078894019126892
283.9543269230769,0.6408019065856934
93.75,0.7635734677314758
98.01136363636364,0.7366738319396973
344.89678899082566,0.6015940308570862
40.17857142857143,0.2399725764989853
37.5,0.06527962535619736
46.875,0.38667044043540955
93.75,0.5451264381408691
96.07438016528926,0.7506798505783081
96.07438016528926,0.7793213129043579
90.2518656716418,0.9204270243644714
23.4375,0.07359705865383148
37.5,0.0770951360464096
93.75,0.8060691952705383
94.63443396226415,0.7429529428482056
46.875,0.3400079011917114
26.78571428571429,0.0412159189581871
46.875,0.1145821362733841
31.25,0.29238972067832947
95.39473684210527,0.9365860223770142
46.875,0.3038232922554016
26.78571428571429,0.07692151516675949
96.28378378378379,0.8633963465690613
93.75,0.8840920329093933
23.4375,0.14479529857635498
23.4375,0.07112286984920502
187.5,0.49155673384666443
23.4375,0.0859670639038086
187.5,0.7304895520210266
97.65625,0.7537712454795837
91.92961165048544,0.6393470168113708
100.69444444444444,0.7280644774436951
40.17857142857143,0.14086435735225677
23.4375,0.11366204172372818
125.0,0.8263906240463257
96.50735294117649,0.8851194381713867
99.04233870967742,0.76237952709198
31.25,0.18393199145793915
46.875,0.14716623723506927
94.56521739130436,0.823037326335907
103.36538461538463,0.6683230400085449
23.4375,0.06430715322494507
92.88990825688072,0.7962483167648315
96.33027522935778,0.809446394443512
97.5609756097561,0.751663327217102
95.40929203539824,0.7929142117500305
31.25,0.1726398915052414
98.36065573770493,0.8526147603988647
98.47689075630254,0.7586157321929932
99.89754098360658,0.6924839019775391
99.12909836065575,0.8571183085441589
28.125,0.1261555701494217
100.32894736842105,0.6200066208839417
94.55128205128206,0.7022283673286438
100.2155172413793,0.7163712978363037
93.75,0.7905974388122559
95.42410714285715,0.6429408192634583
46.875,0.29531511664390564
37.5,0.2547505497932434
203.37701612903228,0.6180210709571838
92.02981651376146,0.6223549842834473
97.09821428571429,0.7516817450523376
93.02884615384615,0.7099540829658508
93.75000000000001,0.7164038419723511
26.78571428571429,0.08440478891134262
23.4375,0.06807377934455872
94.7265625,0.6668482422828674
92.26190476190477,0.8597941994667053
28.125,0.06386686116456985
94.61009174311926,0.8510075211524963
93.75000000000001,0.7941048741340637
29.829545454545457,0.08750869333744049
84.90566037735849,0.8062133193016052
97.09821428571429,0.6908277273178101
92.63392857142857,0.8743233680725098
112.5,0.36771586537361145
37.5,0.269610732793808
93.75,0.9214937686920166
92.95550847457628,0.8277056217193604
86.74065420560748,0.7715571522712708
117.1875,0.7987746000289917
91.04567307692308,0.6775482892990112
187.5,0.7873767614364624
94.61009174311926,0.7645238637924194
96.15384615384616,0.8614364266395569
91.91176470588238,0.9132186770439148
94.61009174311926,0.9420401453971863
31.25,0.10931582003831863
91.81701030927834,0.8696200251579285
23.4375,0.0739932730793953
88.81578947368422,0.6689924001693726
31.25,0.18734289705753326
90.96534653465346,0.787712574005127
25.56818181818182,0.03560389205813408
93.75,0.821334719657898
95.27439024390245,0.8854644894599915
96.84065934065933,0.8781225085258484
99.12909836065575,0.7622511386871338
97.12837837837839,0.8686925768852234
59.659090909090914,0.1271895319223404
31.25,0.17569813132286072
26.78571428571429,0.10406596213579178
31.25,0.10873237997293472
23.4375,0.11776023358106613
93.75,0.8180006146430969
93.75000000000001,0.7654568552970886
40.17857142857143,0.0939132571220398
28.125,0.13459543883800507
94.41489361702128,0.8471349477767944
35.15625,0.053360868245363235
94.7265625,0.8795130252838135
97.35576923076923,0.8763967156410217
23.4375,0.038320716470479965
96.35416666666667,0.8047403693199158
23.4375,0.09226693958044052
303.4539473684211,0.6471920013427734
93.75,0.8044909834861755
26.78571428571429,0.08229435980319977
309.70982142857144,0.6274080872535706
295.87155963302746,0.7533680200576782
90.17857142857143,0.7563300728797913
90.57203389830508,0.7319980263710022
92.09070796460178,0.6668574810028076
100.5859375,0.8033497333526611
98.34558823529413,0.8865029811859131
25.0,0.09666159749031067
90.46052631578948,0.8919152021408081
297.1540178571429,0.7997450232505798
93.75,0.8213033080101013
93.75,0.5246843695640564
93.75,0.8324428200721741
95.95588235294119,0.7269361615180969
96.33027522935778,0.6064376831054688
21.16935483870968,0.08487679809331894
102.0,0.7099143862724304
31.25,0.11050236970186234
93.75,0.7798833250999451
187.5,0.6091427206993103
96.82377049180329,0.8697947859764099
23.4375,0.031037572771310806
23.4375,0.0455782525241375
313.7019230769231,0.6581658124923706
46.875,0.26495683193206787
42.61363636363637,0.10315374284982681
92.7197802197802,0.7477748990058899
96.98275862068965,0.6457849144935608
91.54411764705883,0.6793431639671326
23.4375,0.19892050325870514
99.84756097560975,0.7532312273979187
94.51219512195122,0.766559898853302
92.38138686131387,0.6775282025337219
25.56818181818182,0.026016157120466232
26.78571428571429,0.06828668713569641
93.75,0.8528071641921997
41.666666666666664,0.11105453968048096
99.04233870967742,0.7827202081680298
92.92035398230088,0.7973604798316956
96.875,0.814970850944519
46.875,0.3804156482219696
281.25,0.5156822800636292
37.5,0.04307759553194046
93.75,0.7985162734985352
97.03947368421053,0.8096983432769775
94.6875,0.7552588582038879
25.56818181818182,0.09611264616250992
91.16972477064219,0.7425844669342041
31.25,0.04545098915696144
92.21311475409837,0.6668064594268799
23.4375,0.06360362470149994
37.5,0.2761676609516144
117.1875,0.665226936340332
128.23275862068968,0.6156352162361145
106.04508196721314,0.6534105539321899
98.77232142857144,0.6857603788375854
101.94174757281554,0.6739261746406555
99.50657894736842,0.7077326774597168
101.15131578947368,0.6111317276954651
25.56818181818182,0.1193445473909378
23.4375,0.08060171455144882
102.27272727272728,0.6939038634300232
96.28378378378379,0.6681389808654785
31.25,0.08130580186843872
31.25,0.134553000330925
93.75000000000001,0.7339372634887695
93.75,0.8173695802688599
310.49311926605503,0.61341792345047
23.4375,0.05065664276480675
31.25,0.06770441681146622
93.75,0.6834157705307007
93.75,0.5972533226013184
99.60937500000001,0.7795978784561157
105.46875,0.7825230956077576
100.55443548387098,0.7064101696014404
107.95454545454545,0.6043540239334106
93.75,0.8199501037597656
93.75,0.8237897157669067
37.5,0.029319800436496735
37.5,0.08486686646938324
107.73026315789474,0.6380653381347656
110.65573770491805,0.6283884644508362
105.46875,0.7508265376091003
101.29753340184995,0.333143949508667
109.375,0.6659479141235352
31.321022727272727,0.006909014657139778
76.69360017123287,0.46414557099342346
61.907958984375,0.007207086309790611
77.01286764705883,0.31857937574386597
61.66326349431818,0.0011464207200333476
29.959239130434778,0.021213920786976814
79.1015625,0.43963074684143066
61.68971706081081,0.0038238498382270336
128.90625,0.08513595908880234
93.75,0.0893353521823883
103.125,0.8345138430595398
65.625,0.22831310331821442
100.96153846153847,0.587912917137146
78.125,0.6450450420379639
209.1346153846154,0.21752259135246277
281.25,0.0155637850984931
250.0,0.012859486043453217
106.30580357142858,0.7539660930633545
98.68421052631578,0.8556656837463379
93.75000000000001,0.8314468264579773
187.5,0.6675592660903931
93.75,0.8706398010253906
62.5,0.6212637424468994
445.3125,0.18819567561149597
189.0625,0.41151270270347595
144.88636363636365,0.47055140137672424
375.0,0.13954776525497437
386.71875,0.20758558809757233
189.17410714285717,0.28134432435035706
140.625,0.6061510443687439
384.2516447368421,0.19086092710494995
483.0163043478261,0.14803530275821686
457.03125000000006,0.1536058485507965
199.21875,0.0064894515089690685
203.125,0.010561330243945122
498.8486842105264,0.1725521832704544
143.40965346534654,0.19851484894752502
481.640625,0.13605822622776031
140.625,0.3497336506843567
218.75,0.06915488839149475
130.96092805320436,0.7521771192550659
93.75,0.8560594320297241
56.25,0.567537248134613
234.375,0.908552885055542
60.267857142857146,0.5621306896209717
65.625,0.5228775143623352
76.171875,0.5892012715339661
70.3125,0.3658100962638855
119.79166666666666,0.7325369119644165
65.625,0.553175151348114
93.75,0.7705888748168945
70.3125,0.4956617057323456
62.5,0.5971066355705261
64.14473684210526,0.49932560324668884
93.75,0.803263783454895
78.125,0.3592967987060547
62.5,0.4386407434940338
64.453125,0.6601834297180176
62.5,0.5445793867111206
63.61607142857144,0.5720589756965637
63.28125,0.6296395659446716
63.75,0.45111310482025146
59.49519230769231,0.5305668115615845
70.3125,0.5167001485824585
93.75,0.8084558248519897
73.03779069767441,0.5959334969520569
65.625,0.43850865960121155
93.75,0.5779489278793335
56.25,0.5984456539154053
58.59375,0.45305708050727844
60.267857142857146,0.37571656703948975
65.625,0.36135151982307434
58.59375,0.49730756878852844
58.59375,0.5037184953689575
62.5,0.3272382318973541
56.25,0.4768771529197693
46.875,0.45282843708992004
187.5,0.7361621856689453
93.75,0.6912360787391663
66.96428571428572,0.4660849869251251
140.625,0.7140219211578369
68.75,0.4914628863334656
64.6551724137931,0.4269028306007385
62.5,0.41515791416168213
72.44318181818183,0.48630794882774353
70.3125,0.24900653958320618
71.18055555555556,0.11556129157543182
322.91666666666663,0.005969206336885691
492.1875,0.005271007772535086
328.125,0.005712512880563736
68.75,0.0042266277596354485
64.453125,0.19056938588619232
188.98809523809527,0.8193793892860413
143.30357142857144,0.8002187609672546
155.7904411764706,0.8377382159233093
179.68750000000003,0.9072207808494568
176.63871951219514,0.8518717288970947
93.75,0.6667191386222839
153.87228260869566,0.8680081367492676
140.625,0.6810701489448547
180.20833333333334,0.646893322467804
135.7996323529412,0.6817306280136108
328.125,0.13456431031227112
105.46875,0.48133036494255066
93.75,0.5791098475456238
152.34375,0.8451114296913147
234.375,0.2385522574186325
84.13461538461539,0.8299717307090759
81.52173913043478,0.6392436623573303
60.66176470588236,0.4884856343269348
140.625,0.5885515213012695
93.75,0.5594559907913208
187.5,0.4218977391719818
140.625,0.5826926231384277
70.3125,0.562572181224823
42.61363636363637,0.5606799721717834
152.34375,0.6054924130439758
63.61607142857144,0.522990882396698
109.91379310344826,0.5014243721961975
82.03125,0.3926493525505066
52.083333333333336,0.2573443651199341
46.875,0.33589640259742737
62.5,0.29708948731422424
75.0,0.02440347522497177
468.75,0.043335556983947754
83.80681818181819,0.6339986324310303
228.515625,0.7165623307228088
46.875,0.26732781529426575
78.125,0.0705685019493103
218.75,0.5725868940353394
62.5,0.03504498675465584
164.0625,0.9259966015815735
118.125,0.9434295892715454
105.46875,0.9046431183815002
107.14285714285715,0.7072598338127136
93.75000000000001,0.9264223575592041
113.20754716981132,0.9067156314849854
187.5,0.9023855924606323
70.3125,0.5329304337501526
93.75,0.8211885094642639
117.1875,0.7227717638015747
93.75,0.09609957784414291
23.4375,0.044778477400541306
375.0,0.0016491805436089635
37.5,0.013768264092504978
468.75,0.002900611376389861
81.36792452830188,0.7940282821655273
75.0,0.1380714327096939
93.75,0.8148618936538696
187.5,0.393614798784256
187.5,0.49458304047584534
30.516862170087975,0.47529369592666626
87.15452261306534,0.8016873598098755
93.75,0.9126828908920288
62.5,0.04184333607554436
234.375,0.3061341345310211
130.20833333333331,0.7803249359130859
187.5,0.4569009244441986
131.25,0.8254929184913635
42.87790697674419,0.3594667613506317
93.75,0.7535311579704285
93.75,0.5474849939346313
210.9375,0.31541532278060913
348.2142857142857,0.07810847461223602
109.375,0.9961497187614441
110.625,0.9859400987625122
105.46875,0.9190472364425659
101.5625,0.884235143661499
109.375,0.8780377507209778
112.79296875,0.9963033199310303
112.16517857142858,0.9919710159301758
112.09239130434783,0.9914519786834717
168.75,0.6558546423912048
105.46875,0.9700371623039246
93.75,0.9658999443054199
105.46875,0.9825422167778015
257.8125,0.9263625144958496
110.79545454545456,0.9754449725151062
210.9375,0.7818012833595276
98.4375,0.8742813467979431
140.625,0.6222140789031982
111.97916666666666,0.974210262298584
269.53125,0.7229758501052856
133.125,0.9572254419326782
93.75,0.9587655067443848
90.14423076923077,0.949400007724762
85.9375,0.8871998190879822
93.75000000000001,0.9724764823913574
132.8125,0.8003963232040405
140.625,0.9363784790039062
93.75,0.9691076874732971
93.75,0.9737120866775513
103.125,0.970451831817627
100.44642857142858,0.9674535989761353
93.75,0.9353950023651123
108.17307692307692,0.9829807877540588
109.375,0.9859929084777832
140.625,0.8101742267608643
109.375,0.9815902709960938
110.49107142857144,0.99361652135849
222.65625,0.6533059477806091
101.5625,0.9608628153800964
113.83928571428572,0.9863081574440002
104.16666666666666,0.9770697951316833
105.46875,0.9657294154167175
128.90625,0.9609391689300537
108.66477272727273,0.9707265496253967
70.3125,0.5739203691482544
109.375,0.9261025190353394
115.234375,0.9920926094055176
93.75,0.9726330041885376
109.97596153846155,0.995116114616394
93.75000000000001,0.983305811882019
109.375,0.9914733171463013
93.75,0.9712342023849487
97.35576923076923,0.9747523069381714
103.125,0.9091365337371826
93.75,0.965384304523468
109.375,0.9724089503288269
113.83928571428572,0.9911668300628662
269.53125,0.7106709480285645
93.75,0.9604772925376892
101.5625,0.9786131381988525
93.75,0.9604001641273499
93.75000000000001,0.9666585922241211
106.25,0.9865339398384094
109.375,0.9795188307762146
93.75,0.9445087909698486
90.14423076923077,0.9769501090049744
93.75,0.9587276577949524
128.125,0.9367889761924744
89.21370967741936,0.9292777180671692
89.0625,0.9421682357788086
88.8157894736842,0.8609253764152527
120.35472972972973,0.9805871844291687
135.60267857142858,0.9282164573669434
210.9375,0.798301637172699
91.51785714285714,0.8730660676956177
93.75000000000001,0.9657952189445496
95.98214285714286,0.8790955543518066
91.07142857142858,0.9117449522018433
112.28197674418604,0.9694310426712036
90.14423076923077,0.9627342224121094
89.0625,0.9398555159568787
78.125,0.3530612885951996
99.15865384615385,0.9627324938774109
93.75,0.9476283192634583
146.484375,0.9022875428199768
104.5673076923077,0.9841005802154541
93.75,0.9792185425758362
102.02205882352942,0.9921325445175171
112.84722222222223,0.9977971315383911
98.4375,0.9447595477104187
103.94021739130434,0.9904336333274841
103.125,0.9850476384162903
99.609375,0.9842857122421265
98.01136363636364,0.9752095341682434
98.4375,0.9452186822891235
98.01136363636364,0.9811223149299622
108.87096774193549,0.9938498139381409
101.5625,0.9929738640785217
105.46875,0.9884922504425049
100.44642857142858,0.9804769158363342
148.4375,0.8291699886322021
100.96153846153847,0.9897702932357788
261.71875,0.03871585428714752
268.02884615384613,0.09231889247894287
228.3653846153846,0.1014108881354332
277.9017857142857,0.09309738874435425
236.45833333333334,0.11786220222711563
328.125,0.01465216837823391
238.28125,0.11752985417842865
343.75,0.014588525518774986
355.46875,0.003710448741912842
249.08088235294116,0.07326319813728333
363.8392857142857,0.010654457844793797
260.1102941176471,0.17458194494247437
312.5,0.013885511085391045
220.3125,0.03188375011086464
303.125,0.02198394201695919
282.36607142857144,0.011971911415457726
222.65625,0.03475364297628403
372.3958333333333,0.014280014671385288
211.45833333333334,0.013633055612444878
253.90625,0.013334419578313828
346.875,0.017172854393720627
74.01315789473685,0.2188190072774887
86.53846153846155,0.6063780188560486
44.554455445544555,0.41377294063568115
93.75,0.36565661430358887
84.26966292134833,0.5810943841934204
93.75,0.2875491976737976
83.5843373493976,0.5923979878425598
79.04411764705884,0.3328981101512909
93.75,0.6765016317367554
49.21875,0.1140444353222847
134.04775455298014,0.9316355586051941
43.06640625,0.0037832141388207674
24.224853515625,0.03546430543065071
48.44970703125,0.04100525751709938
43.06640625,0.01653052680194378
182.6015625,0.9561405777931213
35.6015625,0.0592702180147171
108.75,0.8958861231803894
70.3125,0.33648744225502014
115.53030303030302,0.9341398477554321
70.3125,0.4361495077610016
93.75,0.8933615684509277
122.67287234042554,0.9007266759872437
140.625,0.7049850821495056
118.56617647058826,0.9035804867744446
139.48170731707316,0.9000405669212341
126.83823529411767,0.9027791023254395
145.16129032258067,0.9086025953292847
138.58695652173913,0.9173048734664917
112.5,0.6762391328811646
145.83333333333331,0.8331428170204163
134.5108695652174,0.9322116374969482
93.75,0.4716688096523285
257.8125,0.10275666415691376
265.625,0.1218496561050415
140.625,0.6227638721466064
122.44897959183675,0.9429503679275513
141.36904761904765,0.9461563229560852
70.3125,0.46055108308792114
132.277397260274,0.9200979471206665
70.3125,0.6023319959640503
151.78571428571428,0.9483468532562256
61.855670103092784,0.6104995608329773
200.89285714285717,0.09856044501066208
75.50675675675676,0.4664704501628876
468.75,0.0009338024538010359
482.14285714285717,0.0020932089537382126
375.0,0.002637201454490423
135.81890812250333,0.8864549398422241
68.90625,0.41021305322647095
172.265625,0.9358046054840088
72.31905955188678,0.1897769570350647
76.77055027173914,0.271064817905426
71.89037893700788,0.1889294981956482
76.1944110576923,0.1976422369480133
57.421875,0.4989830553531647
30.399816176470587,0.006041758693754673
28.7109375,0.004412323702126741
76.69360017123287,0.46484896540641785
61.5234375,0.0073086475022137165
86.1328125,0.21738041937351227
77.72961128048782,0.2887374460697174
62.37203663793103,0.0011378240305930376
86.1328125,0.27468180656433105
30.146484375,0.01585591584444046
86.1328125,0.17115595936775208
80.74951171875,0.4459233582019806
61.68971706081081,0.0038421694189310074
