time_sec,dominant_frequency_hz,mean_db_all_band,mean_db_80_300hz
0.0,632.8125,-35.203682,-35.206882
0.010666666666666666,117.1875,-26.93602,13.750439
0.021333333333333333,93.75,-18.799961,25.699116
0.032,93.75,-17.336098,27.796017
0.042666666666666665,117.1875,-17.474846,26.0019
0.05333333333333334,140.625,-17.172546,28.015984
0.064,140.625,-16.756931,27.486464
0.07466666666666667,117.1875,-16.39668,24.960821
0.08533333333333333,117.1875,-16.630291,23.739443
0.096,117.1875,-16.060413,24.87818
0.10666666666666667,117.1875,-15.963838,27.995436
0.11733333333333333,117.1875,-15.945914,27.491198
0.128,117.1875,-15.369938,27.181175
0.13866666666666666,117.1875,-15.175351,28.086376
0.14933333333333335,117.1875,-16.480812,25.435627
0.16,117.1875,-16.62751,26.242064
0.17066666666666666,140.625,-16.749947,28.944267
0.18133333333333335,140.625,-15.555142,29.558083
0.192,140.625,-15.86698,29.994425
0.20266666666666666,140.625,-16.25274,27.39229
0.21333333333333335,140.625,-16.517965,24.319931
0.224,117.1875,-16.85102,26.218485
0.23466666666666666,117.1875,-16.544167,25.107964
0.24533333333333332,140.625,-15.34669,23.239624
0.256,140.625,-15.6125145,25.791718
0.26666666666666666,140.625,-16.357168,28.193089
0.2773333333333333,140.625,-17.08199,24.668245
0.288,140.625,-16.482777,24.102776
0.2986666666666667,140.625,-15.90653,25.243004
0.30933333333333335,140.625,-16.85571,22.54802
0.32,117.1875,-16.641996,20.705711
0.33066666666666666,140.625,-16.683447,23.448423
0.3413333333333333,140.625,-17.237755,23.608625
0.352,140.625,-17.59344,21.818598
0.3626666666666667,140.625,-17.646957,21.053682
0.37333333333333335,140.625,-17.74694,23.458855
0.384,140.625,-17.672829,21.449778
0.39466666666666667,140.625,-17.876112,18.637802
0.4053333333333333,140.625,-18.572874,21.861094
0.416,140.625,-19.383476,21.167791
0.4266666666666667,140.625,-20.218355,18.55294
0.43733333333333335,70.3125,-19.693174,22.286503
0.448,70.3125,-20.391722,20.8698
0.45866666666666667,70.3125,-20.5785,19.729015
0.4693333333333333,70.3125,-20.719719,17.05602
0.48,70.3125,-20.821636,18.909193
0.49066666666666664,70.3125,-20.392115,17.61251
0.5013333333333333,70.3125,-20.624752,16.477942
0.512,46.875,-21.030674,19.043419
0.5226666666666666,70.3125,-20.965351,20.051765
0.5333333333333333,70.3125,-21.602911,17.631847
0.544,70.3125,-22.019035,18.660799
0.5546666666666666,70.3125,-21.968458,18.753805
0.5653333333333334,70.3125,-22.02471,16.476717
0.576,70.3125,-21.681005,18.34768
0.5866666666666667,70.3125,-21.309948,17.604404
0.5973333333333334,70.3125,-21.703428,15.927517
0.608,70.3125,-21.95996,14.881707
0.6186666666666667,70.3125,-21.930025,16.29757
0.6293333333333333,70.3125,-22.40551,14.752865
0.64,70.3125,-22.634771,10.595715
0.6506666666666666,70.3125,-22.362923,14.632793
0.6613333333333333,70.3125,-23.034771,16.286154
0.672,70.3125,-23.19854,16.35387
0.6826666666666666,70.3125,-23.14365,16.323856
0.6933333333333334,70.3125,-22.880342,16.58163
0.704,70.3125,-23.087051,17.891697
0.7146666666666667,70.3125,-23.695572,14.7004
0.7253333333333334,70.3125,-23.927666,15.461018
0.736,70.3125,-23.998901,15.9305315
0.7466666666666667,70.3125,-24.073563,15.706288
0.7573333333333333,70.3125,-23.992792,15.386956
0.768,70.3125,-23.94532,14.17051
0.7786666666666666,70.3125,-24.105368,14.70479
0.7893333333333333,70.3125,-24.145214,12.204422
0.8,70.3125,-24.017433,11.541042
0.8106666666666666,70.3125,-23.74039,14.332408
0.8213333333333334,70.3125,-24.053802,13.043934
0.832,70.3125,-23.953468,13.317982
0.8426666666666667,70.3125,-23.951529,11.716735
0.8533333333333334,70.3125,-23.816544,11.769634
0.864,70.3125,-23.722933,12.290224
0.8746666666666667,70.3125,-24.288078,10.751949
0.8853333333333333,70.3125,-24.300392,8.352067
0.896,70.3125,-24.192526,1.9033877
0.9066666666666666,70.3125,-24.113682,-1.3182858
0.9173333333333333,70.3125,-24.180552,1.9815536
0.928,70.3125,-24.527315,1.0254648
0.9386666666666666,70.3125,-24.063377,-0.99345326
0.9493333333333334,70.3125,-23.699196,-1.2780163
0.96,70.3125,-23.459856,-1.4874716
0.9706666666666667,70.3125,-23.84904,-1.1540035
0.9813333333333333,70.3125,-23.741278,-0.13523224
0.992,70.3125,-23.109238,-4.8200283
1.0026666666666666,70.3125,-23.955236,-5.017858
1.0133333333333334,46.875,-24.62366,-6.0902467
1.024,867.1875,-24.446072,-5.8335176
1.0346666666666666,867.1875,-24.718939,-8.939204
1.0453333333333332,703.125,-25.516235,-9.800276
1.056,656.25,-25.64177,-7.010355
1.0666666666666667,632.8125,-25.783205,-6.0073533
1.0773333333333333,750.0,-26.01171,-8.591297
1.088,750.0,-26.051718,-8.319722
1.0986666666666667,1007.8125,-26.604189,-11.689656
1.1093333333333333,750.0,-27.11641,-13.188139
1.12,750.0,-27.550404,-9.939182
1.1306666666666667,890.625,-27.971556,-11.890521
1.1413333333333333,890.625,-28.29185,-14.811216
1.152,914.0625,-28.366272,-10.830392
1.1626666666666667,632.8125,-28.43025,-10.462742
1.1733333333333333,632.8125,-28.592705,-15.950169
1.184,867.1875,-29.228653,-15.124579
1.1946666666666668,679.6875,-29.530144,-10.405449
1.2053333333333334,867.1875,-29.803219,-10.513251
1.216,867.1875,-30.411757,-10.862936
1.2266666666666666,632.8125,-30.520689,-11.376393
1.2373333333333334,632.8125,-30.816174,-13.206081
1.248,726.5625,-31.191788,-14.931044
1.2586666666666666,726.5625,-31.403397,-18.35902
1.2693333333333334,984.375,-31.455881,-20.41102
1.28,984.375,-31.517202,-19.70204
1.2906666666666666,773.4375,-31.71239,-19.49647
1.3013333333333332,750.0,-31.677212,-16.212471
1.312,726.5625,-31.76436,-19.276823
1.3226666666666667,703.125,-31.97046,-21.98695
1.3333333333333333,937.5,-31.966702,-17.584631
1.344,914.0625,-32.040154,-17.877562
1.3546666666666667,703.125,-32.160465,-19.70164
1.3653333333333333,820.3125,-32.02869,-19.688486
1.376,820.3125,-32.133583,-20.4581
1.3866666666666667,960.9375,-32.508293,-22.127102
1.3973333333333333,703.125,-32.744785,-21.759857
1.408,703.125,-32.87607,-18.430717
1.4186666666666667,703.125,-33.03028,-21.802853
1.4293333333333333,960.9375,-33.1018,-24.2506
1.44,937.5,-33.116486,-20.973696
1.4506666666666668,937.5,-33.20596,-21.10982
1.4613333333333334,960.9375,-33.239323,-21.228638
1.472,750.0,-33.39352,-21.966944
1.4826666666666666,960.9375,-33.610558,-21.084612
1.4933333333333334,960.9375,-33.643665,-21.54292
1.504,960.9375,-33.69698,-21.78197
1.5146666666666666,937.5,-33.877644,-26.95679
1.5253333333333334,984.375,-33.851624,-23.89307
1.536,960.9375,-33.956104,-23.231422
1.5466666666666666,960.9375,-33.999905,-25.34894
1.5573333333333332,984.375,-34.059147,-29.722805
1.568,984.375,-34.079098,-29.52161
1.5786666666666667,984.375,-34.196693,-29.133049
1.5893333333333333,937.5,-34.186806,-28.208693
1.6,937.5,-34.210827,-29.68419
1.6106666666666667,937.5,-34.197598,-29.826515
1.6213333333333333,937.5,-34.22362,-29.097466
1.632,984.375,-34.253918,-26.7211
1.6426666666666667,960.9375,-34.31065,-25.325178
1.6533333333333333,984.375,-34.37647,-28.550606
1.664,984.375,-34.41664,-30.153307
1.6746666666666667,960.9375,-34.44806,-29.471004
1.6853333333333333,984.375,-34.447815,-28.417303
1.696,960.9375,-34.51418,-31.510353
1.7066666666666668,937.5,-34.542446,-31.695883
1.7173333333333334,984.375,-34.524338,-30.421482
1.728,960.9375,-34.52859,-29.508
1.7386666666666666,960.9375,-34.51936,-30.29064
1.7493333333333334,960.9375,-34.478836,-31.307442
1.76,1007.8125,-34.3554,-30.085762
1.7706666666666666,1007.8125,-34.439045,-29.823822
1.7813333333333334,1007.8125,-34.594593,-32.19454
1.792,1031.25,-34.614357,-34.04796
1.8026666666666666,1031.25,-34.552433,-34.3596
1.8133333333333332,1054.6875,-34.620583,-33.938984
1.824,960.9375,-34.61741,-33.30481
1.8346666666666667,937.5,-34.630547,-32.883198
1.8453333333333333,1054.6875,-34.671375,-32.141552
1.856,1007.8125,-34.664124,-33.388046
1.8666666666666667,1007.8125,-34.656612,-31.571774
1.8773333333333333,1031.25,-34.67484,-30.845097
1.888,1031.25,-34.77214,-31.643229
1.8986666666666667,1031.25,-34.706173,-31.870989
1.9093333333333333,960.9375,-34.738438,-33.075855
1.92,960.9375,-34.74775,-33.232914
1.9306666666666668,984.375,-34.747402,-30.172132
1.9413333333333334,984.375,-34.769344,-28.698814
1.952,796.875,-34.780514,-31.015648
1.9626666666666666,937.5,-34.818203,-32.51416
1.9733333333333334,937.5,-34.828804,-33.121906
1.984,960.9375,-34.7951,-33.71033
1.9946666666666666,984.375,-34.886845,-34.97226
2.005333333333333,984.375,-34.92202,-34.742283
2.016,984.375,-34.89247,-32.665726
2.026666666666667,1007.8125,-34.935356,-30.236769
2.037333333333333,1007.8125,-34.979332,-28.546726
2.048,117.1875,-34.9935,-23.431923
2.058666666666667,117.1875,-35.049366,-24.53966
2.0693333333333332,117.1875,-35.066807,-23.859097
2.08,140.625,-35.117115,-28.264267
2.0906666666666665,117.1875,-35.087543,-26.099243
2.1013333333333333,93.75,-35.11079,-28.925568
2.112,93.75,-35.131485,-29.236843
2.1226666666666665,70.3125,-35.195343,-34.520367
2.1333333333333333,0.0,-35.204487,-35.206882
2.144,0.0,-35.202297,-35.206882
2.1546666666666665,0.0,-35.196587,-35.206882
2.1653333333333333,0.0,-35.19473,-35.206882
2.176,0.0,-35.196953,-35.206882
2.1866666666666665,0.0,-35.20099,-35.206882
2.1973333333333334,0.0,-35.20151,-35.206882
2.208,0.0,-35.200424,-35.206882
2.2186666666666666,0.0,-35.19824,-35.086533
2.2293333333333334,984.375,-35.167675,-35.112957
2.24,984.375,-35.004036,-28.373148
2.2506666666666666,984.375,-34.86853,-25.366764
2.2613333333333334,960.9375,-34.883087,-29.53769
2.272,984.375,-34.778683,-31.449364
2.2826666666666666,984.375,-34.651546,-29.085846
2.2933333333333334,937.5,-34.447628,-26.463108
2.304,960.9375,-34.311058,-20.660872
2.3146666666666667,984.375,-34.30362,-24.931458
2.3253333333333335,984.375,-34.143135,-19.941666
2.336,937.5,-34.121876,-16.83609
2.3466666666666667,984.375,-33.804733,-8.777956
2.3573333333333335,984.375,-33.061913,-7.439103
2.368,890.625,-29.624384,-2.6500921
2.3786666666666667,890.625,-27.1642,0.9768565
2.3893333333333335,750.0,-22.074463,12.662838
2.4,750.0,-19.134409,17.711002
2.4106666666666667,773.4375,-21.100744,11.103541
2.421333333333333,632.8125,-22.774643,-7.76877
2.432,750.0,-21.792677,-3.089745
2.4426666666666668,890.625,-21.24724,-4.4414325
2.453333333333333,890.625,-22.124207,-10.511376
2.464,726.5625,-21.833693,-9.345408
2.474666666666667,726.5625,-21.531075,-3.3402975
2.485333333333333,703.125,-21.081547,-0.04308153
2.496,679.6875,-20.900463,-1.1414053
2.506666666666667,703.125,-20.993788,-1.5178795
2.517333333333333,656.25,-21.1124,-1.3621931
2.528,632.8125,-20.89179,-2.130226
2.538666666666667,609.375,-20.461382,0.86818355
2.5493333333333332,703.125,-19.976877,4.4986944
2.56,679.6875,-20.277506,6.0181217
2.570666666666667,679.6875,-20.463266,7.3122506
2.5813333333333333,679.6875,-19.97737,9.579205
2.592,117.1875,-19.576841,17.205881
2.6026666666666665,93.75,-19.27385,19.68845
2.6133333333333333,70.3125,-19.59808,21.186255
2.624,70.3125,-18.788677,24.10629
2.6346666666666665,70.3125,-18.821676,23.178913
2.6453333333333333,70.3125,-17.805311,24.9546
2.656,70.3125,-17.968403,24.018877
2.6666666666666665,70.3125,-17.508802,25.627766
2.6773333333333333,70.3125,-17.249624,25.989883
2.688,70.3125,-17.3364,26.186926
2.6986666666666665,70.3125,-18.130436,25.290245
2.7093333333333334,70.3125,-17.837473,24.51941
2.72,70.3125,-18.362703,25.658415
2.7306666666666666,70.3125,-18.551632,25.631142
2.7413333333333334,70.3125,-18.49262,24.087513
2.752,70.3125,-18.388395,25.420986
2.7626666666666666,70.3125,-18.486057,24.850176
2.7733333333333334,70.3125,-18.082058,26.251198
2.784,70.3125,-17.792028,25.678171
2.7946666666666666,70.3125,-17.927158,25.935083
2.8053333333333335,70.3125,-18.257736,24.306385
2.816,70.3125,-18.07904,24.666445
2.8266666666666667,70.3125,-18.110071,24.383644
2.8373333333333335,70.3125,-18.195957,24.91094
2.848,70.3125,-18.1152,25.155586
2.8586666666666667,70.3125,-18.289162,23.663353
2.8693333333333335,70.3125,-18.498676,24.666155
2.88,70.3125,-18.649849,24.347818
2.8906666666666667,70.3125,-18.826918,23.469433
2.9013333333333335,70.3125,-18.763857,23.371605
2.912,70.3125,-18.635635,22.332644
2.9226666666666667,140.625,-18.573229,24.520535
2.933333333333333,140.625,-18.353981,24.425575
2.944,140.625,-18.500395,23.237139
2.9546666666666668,140.625,-18.70942,24.158255
2.965333333333333,140.625,-18.406975,24.646534
2.976,140.625,-19.16749,24.829426
2.986666666666667,140.625,-19.121693,25.534859
2.997333333333333,140.625,-18.900148,25.598347
3.008,140.625,-19.150766,25.19593
3.018666666666667,140.625,-18.667164,25.46601
3.029333333333333,140.625,-18.446688,25.799051
3.04,140.625,-19.055668,25.630095
3.050666666666667,140.625,-19.041058,24.903448
3.0613333333333332,140.625,-18.412088,26.101322
3.072,140.625,-18.544302,25.567745
3.082666666666667,140.625,-18.06759,24.577774
3.0933333333333333,117.1875,-18.525064,24.797686
3.104,117.1875,-17.835299,24.913767
3.1146666666666665,117.1875,-17.39541,22.914728
3.1253333333333333,117.1875,-17.578186,20.231367
3.136,117.1875,-17.513329,22.481693
3.1466666666666665,117.1875,-17.219559,23.467688
3.1573333333333333,117.1875,-17.999815,22.523195
3.168,117.1875,-17.507124,20.565895
3.1786666666666665,117.1875,-17.27781,20.346727
3.1893333333333334,117.1875,-17.532625,22.382948
3.2,93.75,-17.31001,23.675821
3.2106666666666666,93.75,-17.501013,24.614632
3.2213333333333334,93.75,-18.04167,23.200539
3.232,93.75,-17.923798,21.624006
3.2426666666666666,93.75,-17.7765,23.020761
3.2533333333333334,93.75,-17.518814,23.742435
3.264,93.75,-17.578407,22.414831
3.2746666666666666,93.75,-17.497099,22.869356
3.2853333333333334,93.75,-17.375765,24.11875
3.296,93.75,-17.532816,26.06146
3.3066666666666666,93.75,-18.666426,20.673332
3.3173333333333335,93.75,-19.221598,20.778137
3.328,70.3125,-19.665346,17.892866
3.3386666666666667,70.3125,-19.514626,20.470957
3.3493333333333335,70.3125,-19.28054,20.633362
3.36,70.3125,-18.876848,22.187826
3.3706666666666667,70.3125,-18.84572,24.152262
3.3813333333333335,70.3125,-19.149183,23.837816
3.392,70.3125,-18.793089,24.154808
3.4026666666666667,70.3125,-18.613932,23.717861
3.4133333333333336,70.3125,-19.010431,21.571589
3.424,70.3125,-19.20715,22.461727
3.4346666666666668,70.3125,-18.778244,20.13981
3.445333333333333,70.3125,-18.137747,19.103083
3.456,93.75,-18.314753,20.87935
3.466666666666667,93.75,-18.358248,18.29707
3.477333333333333,93.75,-18.799345,20.691856
3.488,93.75,-18.353636,21.322308
3.498666666666667,93.75,-18.45107,21.771147
3.509333333333333,70.3125,-18.125504,19.192871
3.52,70.3125,-17.920664,19.933235
3.530666666666667,70.3125,-17.77826,21.032694
3.541333333333333,70.3125,-17.952362,19.821188
3.552,70.3125,-17.83475,18.468971
3.562666666666667,70.3125,-18.09407,20.753197
3.5733333333333333,70.3125,-18.022095,19.298904
3.584,70.3125,-17.883652,19.155918
3.5946666666666665,93.75,-18.179768,22.499046
3.6053333333333333,93.75,-18.445705,23.275637
3.616,93.75,-18.200079,23.468279
3.6266666666666665,93.75,-18.58229,23.660992
3.6373333333333333,70.3125,-18.387112,23.40199
3.648,70.3125,-18.383299,24.417503
3.6586666666666665,70.3125,-18.647703,24.918861
3.6693333333333333,70.3125,-18.314478,20.959543
3.68,70.3125,-18.81989,23.578363
3.6906666666666665,70.3125,-18.446901,24.09246
3.7013333333333334,70.3125,-18.602917,23.861917
3.712,70.3125,-18.272854,24.883865
3.7226666666666666,70.3125,-18.224838,24.3153
3.7333333333333334,70.3125,-18.616499,24.105158
3.744,70.3125,-18.716566,23.915112
3.7546666666666666,70.3125,-18.55413,24.359806
3.7653333333333334,70.3125,-18.889502,22.141972
3.776,70.3125,-18.7488,24.079931
3.7866666666666666,70.3125,-18.280882,22.461794
3.7973333333333334,70.3125,-18.31571,23.227057
3.808,70.3125,-18.650251,22.9433
3.8186666666666667,70.3125,-18.86936,21.94067
3.8293333333333335,70.3125,-18.689363,22.333075
3.84,70.3125,-18.510271,22.59219
3.8506666666666667,70.3125,-19.194653,22.424477
3.8613333333333335,70.3125,-19.001762,20.780209
3.872,70.3125,-19.372976,19.33112
3.8826666666666667,70.3125,-19.846807,17.12995
3.8933333333333335,70.3125,-19.824688,18.116386
3.904,70.3125,-19.370117,17.434578
3.9146666666666667,70.3125,-19.149105,17.118263
3.925333333333333,70.3125,-19.425215,20.967014
3.936,70.3125,-19.060598,20.223372
3.9466666666666668,70.3125,-19.103483,18.487316
3.957333333333333,70.3125,-19.141125,19.62143
3.968,70.3125,-19.180971,20.854425
3.978666666666667,117.1875,-18.882406,23.47048
3.989333333333333,117.1875,-19.035728,23.680183
4.0,117.1875,-20.025951,24.252039
4.010666666666666,117.1875,-19.79419,19.012444
4.021333333333334,117.1875,-19.468473,23.341589
4.032,117.1875,-20.640747,22.336744
4.042666666666666,70.3125,-20.517473,20.287361
4.053333333333334,70.3125,-20.638351,18.294968
4.064,70.3125,-20.919962,18.194822
4.074666666666666,70.3125,-20.987785,17.128883
4.085333333333334,70.3125,-21.01683,13.015557
4.096,70.3125,-21.247927,16.166605
4.1066666666666665,70.3125,-21.504604,14.385045
4.117333333333334,70.3125,-21.09311,13.092478
4.128,70.3125,-21.07052,10.996675
4.1386666666666665,70.3125,-20.816324,12.009802
4.149333333333334,70.3125,-20.77292,11.531301
4.16,70.3125,-20.979631,12.813633
4.1706666666666665,70.3125,-20.907896,12.574003
4.181333333333333,70.3125,-21.218882,9.474595
4.192,70.3125,-20.87348,10.735542
4.2026666666666666,70.3125,-21.419992,6.4742985
4.213333333333333,70.3125,-21.33066,5.111138
4.224,70.3125,-21.54995,2.9503374
4.234666666666667,70.3125,-21.684494,0.710851
4.245333333333333,70.3125,-21.296152,2.3249218
4.256,70.3125,-21.335358,3.9464636
4.266666666666667,70.3125,-21.121103,1.0995663
4.277333333333333,70.3125,-21.340153,-2.419438
4.288,70.3125,-21.295183,-2.41407
4.298666666666667,726.5625,-21.499596,-3.0978098
4.309333333333333,796.875,-21.624012,-0.8440995
4.32,796.875,-21.53705,-5.3432083
4.330666666666667,796.875,-21.588554,-6.430454
4.341333333333333,703.125,-21.980944,-6.3105073
4.352,890.625,-21.762056,-6.833134
4.362666666666667,703.125,-22.2395,-3.8890915
4.373333333333333,726.5625,-22.524584,-5.1909933
4.384,726.5625,-22.417786,-5.6657386
4.394666666666667,796.875,-22.692732,-8.881147
4.405333333333333,750.0,-22.82824,-12.996143
4.416,937.5,-23.113613,-12.01397
4.426666666666667,914.0625,-24.210926,-9.538989
4.437333333333333,890.625,-24.020243,-11.948585
4.448,890.625,-24.336409,-9.404065
4.458666666666667,820.3125,-24.535559,-9.741993
4.469333333333333,820.3125,-25.151516,-8.993703
4.48,726.5625,-25.380346,-10.447861
4.490666666666667,750.0,-25.534435,-13.356892
4.501333333333333,984.375,-25.621058,-10.586302
4.512,773.4375,-26.040312,-9.235124
4.522666666666667,773.4375,-26.607605,-9.187749
4.533333333333333,843.75,-27.094597,-9.731382
4.544,703.125,-27.405249,-12.356939
4.554666666666667,1007.8125,-27.97282,-11.021076
4.565333333333333,1054.6875,-28.803556,-8.873565
4.576,960.9375,-29.243488,-9.590151
4.586666666666667,937.5,-29.758934,-15.556335
4.597333333333333,937.5,-29.98106,-13.865768
4.608,914.0625,-30.23492,-15.464123
4.618666666666667,890.625,-30.328955,-14.413415
4.629333333333333,914.0625,-30.75296,-12.17829
4.64,984.375,-31.388178,-15.858541
4.650666666666667,984.375,-31.928013,-21.232439
4.661333333333333,984.375,-32.36265,-19.332462
4.672,914.0625,-32.743744,-16.624084
4.682666666666667,937.5,-32.832508,-22.727442
4.693333333333333,937.5,-33.03577,-22.16066
4.704,937.5,-33.16625,-18.640957
4.714666666666667,937.5,-33.24848,-18.560472
4.725333333333333,914.0625,-33.373833,-18.158329
4.736,843.75,-33.33205,-19.379148
4.746666666666667,773.4375,-33.360416,-20.70047
4.757333333333333,890.625,-33.434917,-19.123466
4.768,1007.8125,-33.62222,-20.29793
4.778666666666667,1007.8125,-33.579678,-19.424833
4.789333333333333,914.0625,-33.736065,-19.634302
4.8,914.0625,-33.718407,-20.472977
4.810666666666667,937.5,-33.697937,-18.781227
4.8213333333333335,984.375,-33.79713,-20.370144
4.832,960.9375,-33.740417,-21.428102
4.842666666666666,960.9375,-33.77814,-19.302305
4.8533333333333335,960.9375,-33.758255,-19.455864
4.864,960.9375,-33.75094,-20.762949
4.874666666666666,914.0625,-33.813313,-22.38274
4.8853333333333335,937.5,-33.89575,-24.646349
4.896,937.5,-33.85097,-27.790903
4.906666666666666,937.5,-33.901375,-26.924883
4.917333333333334,937.5,-33.919178,-24.217379
4.928,1031.25,-33.889343,-24.376394
4.938666666666666,1007.8125,-33.876297,-26.766117
4.949333333333334,960.9375,-33.909332,-26.393196
4.96,1007.8125,-34.01852,-25.923937
4.970666666666666,1007.8125,-34.011726,-25.324377
4.981333333333334,1007.8125,-34.080025,-25.439089
4.992,1031.25,-34.119587,-25.434198
5.002666666666666,750.0,-34.143093,-25.46769
5.013333333333334,750.0,-34.112537,-25.522459
5.024,937.5,-34.166546,-24.046074
5.034666666666666,984.375,-34.167572,-27.674736
5.045333333333334,1007.8125,-34.251328,-26.636406
5.056,1007.8125,-34.291492,-24.3297
5.066666666666666,1007.8125,-34.324326,-30.755062
5.077333333333334,937.5,-34.429306,-30.254286
5.088,820.3125,-34.442,-28.39679
5.0986666666666665,960.9375,-34.480595,-29.799215
5.109333333333334,1031.25,-34.49889,-30.7901
5.12,984.375,-34.50393,-31.005314
5.1306666666666665,984.375,-34.537785,-32.19538
5.141333333333334,773.4375,-34.51662,-32.23268
5.152,937.5,-34.475155,-33.245064
5.1626666666666665,960.9375,-34.447765,-32.837315
5.173333333333333,1054.6875,-34.45694,-30.910637
5.184,960.9375,-34.549343,-30.918741
5.1946666666666665,984.375,-34.589355,-29.751308
5.205333333333333,984.375,-34.51551,-29.279327
5.216,960.9375,-34.52361,-30.153585
5.226666666666667,1031.25,-34.56412,-33.08873
5.237333333333333,1007.8125,-34.60333,-33.251858
5.248,1007.8125,-34.662067,-31.30593
5.258666666666667,1007.8125,-34.69175,-30.021973
5.269333333333333,1031.25,-34.692833,-32.81478
5.28,1054.6875,-34.74437,-31.875685
5.290666666666667,1031.25,-34.81822,-29.210463
5.301333333333333,679.6875,-34.814026,-28.189348
5.312,984.375,-34.83821,-28.717386
5.322666666666667,984.375,-34.88642,-31.037638
5.333333333333333,984.375,-34.97257,-31.335917
5.344,984.375,-34.95528,-32.248672
5.354666666666667,984.375,-34.965485,-32.349247
5.365333333333333,960.9375,-34.958183,-29.986746
5.376,960.9375,-35.01442,-30.924965
5.386666666666667,445.3125,-35.010483,-33.801163
5.397333333333333,421.875,-35.034935,-32.93241
5.408,960.9375,-35.04521,-32.547165
5.418666666666667,960.9375,-35.092125,-32.893814
5.429333333333333,1031.25,-35.11831,-34.89027
5.44,1007.8125,-35.151173,-35.206882
5.450666666666667,468.75,-35.161983,-34.84025
5.461333333333333,445.3125,-35.144787,-34.369076
5.472,398.4375,-35.14712,-33.97052
5.482666666666667,375.0,-35.161053,-34.8361
5.493333333333333,445.3125,-35.09885,-33.915695
5.504,375.0,-35.107243,-34.439945
5.514666666666667,515.625,-35.139526,-34.50265
5.525333333333333,421.875,-35.11042,-33.607204
5.536,445.3125,-35.090183,-34.091553
5.546666666666667,445.3125,-35.13936,-35.206882
5.557333333333333,515.625,-35.14315,-34.819695
5.568,492.1875,-35.13476,-34.023476
5.578666666666667,421.875,-35.16712,-34.330196
5.589333333333333,281.25,-35.16244,-34.053272
5.6,304.6875,-35.121033,-34.901337
5.610666666666667,304.6875,-35.083023,-31.150215
5.621333333333333,304.6875,-35.059883,-28.928902
5.632,375.0,-34.979305,-31.350138
5.642666666666667,960.9375,-34.820198,-31.626797
5.653333333333333,1007.8125,-34.60109,-28.423574
5.664,960.9375,-34.36757,-28.786613
5.674666666666667,796.875,-34.17513,-26.824821
5.685333333333333,820.3125,-34.019615,-28.750051
5.696,1007.8125,-33.671967,-24.36681
5.706666666666667,984.375,-33.387245,-21.221752
5.717333333333333,914.0625,-33.22884,-21.596731
5.728,1007.8125,-33.00041,-19.281534
5.738666666666667,1007.8125,-32.54557,-19.224564
5.749333333333333,1031.25,-32.191418,-20.774252
5.76,984.375,-31.884436,-22.375679
5.770666666666667,960.9375,-31.569645,-20.221773
5.781333333333333,890.625,-31.55774,-24.031746
5.792,890.625,-30.424356,-19.730003
5.802666666666667,867.1875,-28.357489,-16.26915
5.8133333333333335,984.375,-24.366102,-15.263641
5.824,679.6875,-22.878614,-11.442735
5.834666666666666,750.0,-24.398594,-12.901202
5.8453333333333335,750.0,-23.820631,-13.575039
5.856,703.125,-23.04534,-15.59344
5.866666666666666,750.0,-21.677961,-15.960278
5.8773333333333335,1007.8125,-21.973495,-12.673158
5.888,750.0,-21.603277,-12.52534
5.898666666666666,750.0,-20.378546,-14.322109
5.9093333333333335,773.4375,-20.217846,-15.012166
5.92,867.1875,-20.348913,-17.008385
5.930666666666666,843.75,-20.219479,-15.806102
5.941333333333334,843.75,-20.174541,-15.19891
5.952,914.0625,-20.213049,-15.393533
5.962666666666666,890.625,-20.113781,-14.628379
5.973333333333334,2320.3125,-20.139217,-14.839571
5.984,726.5625,-20.096327,-16.90498
5.994666666666666,703.125,-19.54835,-13.953852
6.005333333333334,820.3125,-19.652191,-12.095427
6.016,796.875,-19.321049,-9.338164
6.026666666666666,773.4375,-18.804207,-7.714991
6.037333333333334,867.1875,-19.137352,-9.412007
6.048,2320.3125,-18.914253,-7.745551
6.058666666666666,2320.3125,-18.883394,-8.4593725
6.069333333333334,2320.3125,-18.907772,-7.247502
6.08,843.75,-18.266678,-6.4929347
6.0906666666666665,843.75,-18.168835,-4.907299
6.101333333333334,820.3125,-17.968332,-4.764102
6.112,773.4375,-17.392479,-3.5731778
6.1226666666666665,773.4375,-17.278292,-3.010794
6.133333333333334,773.4375,-17.006193,-6.19079
6.144,796.875,-16.086273,-5.6700854
6.1546666666666665,914.0625,-16.907663,-2.4307165
6.165333333333334,937.5,-16.866714,-2.4887667
6.176,937.5,-16.324558,-2.0802639
6.1866666666666665,914.0625,-16.29936,-1.0318823
6.197333333333333,679.6875,-15.7402,0.20241022
6.208,632.8125,-16.16222,0.39533862
6.218666666666667,632.8125,-16.584532,-3.687646
6.229333333333333,656.25,-16.564735,2.3971205
6.24,656.25,-17.17288,5.898406
6.250666666666667,656.25,-17.076723,8.667558
6.261333333333333,656.25,-16.384195,9.922139
6.272,656.25,-16.960928,9.679032
6.282666666666667,539.0625,-16.747929,6.7732716
6.293333333333333,539.0625,-15.678015,11.481555
6.304,117.1875,-15.464548,13.471687
6.314666666666667,656.25,-17.208036,13.959033
6.325333333333333,656.25,-18.501604,13.791373
6.336,632.8125,-16.933004,15.741959
6.346666666666667,632.8125,-16.623484,16.495901
6.357333333333333,656.25,-17.11378,16.381306
6.368,117.1875,-16.811956,15.666243
6.378666666666667,117.1875,-17.086716,18.216476
6.389333333333333,117.1875,-17.398642,20.530159
6.4,117.1875,-16.902174,20.113234
6.410666666666667,93.75,-17.423155,19.502754
6.421333333333333,93.75,-17.688793,20.88573
6.432,93.75,-17.855316,20.306742
6.442666666666667,93.75,-17.87051,21.328619
6.453333333333333,93.75,-17.548223,20.189913
6.464,93.75,-17.911318,23.806065
6.474666666666667,93.75,-17.920218,22.17302
6.485333333333333,93.75,-18.456121,18.392683
6.496,93.75,-17.991755,19.697624
6.506666666666667,93.75,-17.758148,20.616085
6.517333333333333,93.75,-18.673513,21.065577
6.528,93.75,-18.849346,23.658913
6.538666666666667,93.75,-18.52478,21.96759
6.549333333333333,93.75,-18.427456,23.53623
6.56,93.75,-17.988136,18.945358
6.570666666666667,93.75,-17.903318,22.938225
6.581333333333333,93.75,-18.407171,22.03717
6.592,93.75,-17.928211,21.546152
6.602666666666667,93.75,-17.828033,22.334318
6.613333333333333,93.75,-18.141243,24.468502
6.624,93.75,-18.977333,24.145515
6.634666666666667,93.75,-18.376785,26.386997
6.645333333333333,140.625,-18.358644,26.045061
6.656,140.625,-17.915907,26.397432
6.666666666666667,140.625,-17.845148,22.399635
6.677333333333333,140.625,-18.526392,22.157646
6.688,140.625,-19.04072,19.920967
6.698666666666667,140.625,-18.981813,22.889107
6.709333333333333,140.625,-19.103643,23.171467
6.72,140.625,-19.28815,17.680017
6.730666666666667,140.625,-18.884094,16.388819
6.741333333333333,140.625,-18.598103,17.739353
6.752,140.625,-18.820011,20.864923
6.762666666666667,140.625,-18.087973,22.895489
6.773333333333333,140.625,-18.179771,20.866468
6.784,140.625,-18.327215,19.975119
6.794666666666667,140.625,-18.698273,22.11631
6.8053333333333335,140.625,-18.339245,23.90837
6.816,140.625,-18.189358,22.04226
6.826666666666667,140.625,-18.239939,19.957743
6.8373333333333335,140.625,-18.605875,22.425093
6.848,140.625,-18.598833,23.063433
6.858666666666666,140.625,-18.53186,20.10913
6.8693333333333335,140.625,-18.378292,21.063704
6.88,140.625,-17.93894,23.189888
6.890666666666666,140.625,-17.505724,23.758524
6.9013333333333335,140.625,-18.064972,20.958237
6.912,140.625,-18.212938,22.879068
6.922666666666666,140.625,-18.05243,24.838184
6.933333333333334,140.625,-17.579012,25.164223
6.944,140.625,-17.652271,25.13981
6.954666666666666,140.625,-18.180477,23.410208
6.965333333333334,140.625,-17.675423,23.158522
6.976,140.625,-17.559965,22.8534
6.986666666666666,140.625,-17.341702,21.174139
6.997333333333334,140.625,-17.519833,22.797483
7.008,140.625,-17.711653,21.552425
7.018666666666666,140.625,-17.84979,22.423761
7.029333333333334,140.625,-17.924759,22.840538
7.04,140.625,-18.099926,22.911682
7.050666666666666,140.625,-17.884811,20.378677
7.061333333333334,140.625,-17.915056,21.704472
7.072,140.625,-17.318789,23.03949
7.082666666666666,140.625,-17.73271,21.954527
7.093333333333334,140.625,-17.79315,21.937235
7.104,140.625,-17.707918,22.905807
7.1146666666666665,140.625,-17.58811,21.287342
7.125333333333334,140.625,-17.98096,22.457521
7.136,140.625,-17.747442,24.460873
7.1466666666666665,140.625,-17.517292,23.844862
7.157333333333334,140.625,-17.993172,23.771431
7.168,140.625,-18.090834,23.072668
7.1786666666666665,140.625,-17.731356,24.447908
7.189333333333333,140.625,-17.786455,24.392298
7.2,140.625,-17.309103,25.42781
7.210666666666667,140.625,-17.193363,25.432878
7.221333333333333,140.625,-17.275629,24.955206
7.232,140.625,-17.174854,25.092232
7.242666666666667,140.625,-17.698479,24.430124
7.253333333333333,140.625,-18.212067,24.48172
7.264,140.625,-17.864119,24.759691
7.274666666666667,140.625,-18.251242,25.263275
7.285333333333333,140.625,-18.542645,24.7979
7.296,140.625,-18.971186,24.762745
7.306666666666667,140.625,-18.923508,23.868599
7.317333333333333,140.625,-18.981611,24.713696
7.328,117.1875,-18.871084,25.537174
7.338666666666667,117.1875,-19.371727,24.022106
7.349333333333333,117.1875,-19.521708,24.40292
7.36,117.1875,-19.39795,22.998001
7.370666666666667,117.1875,-19.221373,22.99551
7.381333333333333,117.1875,-19.563396,21.421244
7.392,117.1875,-19.67686,23.483755
7.402666666666667,117.1875,-19.462748,22.944658
7.413333333333333,117.1875,-19.868685,22.817726
7.424,117.1875,-19.515726,23.008018
7.434666666666667,117.1875,-19.305313,24.129385
7.445333333333333,117.1875,-19.34011,24.204247
7.456,117.1875,-19.430632,22.095066
7.466666666666667,117.1875,-19.48911,22.791058
7.477333333333333,117.1875,-19.283653,25.440971
7.488,117.1875,-19.409597,25.479105
7.498666666666667,117.1875,-19.496983,24.1528
7.509333333333333,117.1875,-19.560343,22.930754
7.52,117.1875,-19.777536,22.547018
7.530666666666667,234.375,-19.744787,22.73756
7.541333333333333,234.375,-19.425953,22.590435
7.552,234.375,-19.449724,24.554594
7.562666666666667,234.375,-19.88712,24.404142
7.573333333333333,234.375,-19.427673,23.990742
7.584,234.375,-18.994549,24.157448
7.594666666666667,234.375,-19.226204,23.865345
7.605333333333333,234.375,-19.274755,24.18156
7.616,234.375,-19.029818,26.025036
7.626666666666667,234.375,-19.287605,25.07203
7.637333333333333,234.375,-19.316021,21.784096
7.648,234.375,-19.030792,26.544947
7.658666666666667,234.375,-19.452644,24.116676
7.669333333333333,234.375,-19.281857,23.020622
7.68,234.375,-19.460331,25.477829
7.690666666666667,234.375,-19.26275,23.816628
7.701333333333333,234.375,-19.263216,22.294422
7.712,234.375,-19.60241,26.130657
7.722666666666667,234.375,-19.037464,25.557604
7.733333333333333,234.375,-19.306004,25.375286
7.744,234.375,-19.44164,24.63156
7.754666666666667,234.375,-19.453081,25.109232
7.765333333333333,117.1875,-19.477562,25.855015
7.776,234.375,-19.454176,25.894022
7.786666666666667,234.375,-19.594305,25.868172
7.7973333333333334,117.1875,-19.626413,25.608875
7.808,117.1875,-19.808033,25.862951
7.818666666666667,117.1875,-19.802454,26.110723
7.8293333333333335,117.1875,-19.858608,25.425133
7.84,117.1875,-20.14302,24.06987
7.850666666666666,117.1875,-20.028215,23.302069
7.8613333333333335,117.1875,-19.990013,24.620667
7.872,117.1875,-19.99561,24.371681
7.882666666666666,117.1875,-20.157286,24.473074
7.8933333333333335,117.1875,-20.254356,24.761549
7.904,210.9375,-20.208723,24.694237
7.914666666666666,210.9375,-20.258247,23.82781
7.925333333333334,210.9375,-20.399023,22.733713
7.936,210.9375,-20.097876,24.23177
7.946666666666666,117.1875,-19.905043,22.10571
7.957333333333334,117.1875,-19.852839,22.664852
7.968,117.1875,-19.98136,22.598413
7.978666666666666,117.1875,-20.116789,22.224865
7.989333333333334,117.1875,-20.065845,21.32813
8.0,117.1875,-19.837332,20.524418
8.010666666666667,117.1875,-19.878267,19.87473
8.021333333333333,117.1875,-22.417439,18.142092
8.032,93.75,-29.02226,10.118178
